Entidad,Sector SCIAN,Año,Mes,Dato
Aguascalientes,31-33 Industrias manufactureras,2018,Enero,"24,926,158"
Aguascalientes,31-33 Industrias manufactureras,2018,Febrero,"20,729,059"
Aguascalientes,31-33 Industrias manufactureras,2018,Marzo,"22,963,012"
Aguascalientes,31-33 Industrias manufactureras,2018,Abril,"19,052,926"
Aguascalientes,31-33 Industrias manufactureras,2018,Mayo,"20,684,700"
Aguascalientes,31-33 Industrias manufactureras,2018,Junio,"22,642,403"
Aguascalientes,31-33 Industrias manufactureras,2018,Julio,"17,766,808"
Aguascalientes,31-33 Industrias manufactureras,2018,Agosto,"22,116,688"
Aguascalientes,31-33 Industrias manufactureras,2018,Septiembre,"21,706,587"
Aguascalientes,31-33 Industrias manufactureras,2018,Octubre,"22,414,679"
Aguascalientes,31-33 Industrias manufactureras,2018,Noviembre,"21,265,562"
Aguascalientes,31-33 Industrias manufactureras,2018,Diciembre,"23,384,461"
Aguascalientes,31-33 Industrias manufactureras,2022,Enero,"22,384,678"
Aguascalientes,31-33 Industrias manufactureras,2022,Febrero,"22,725,195"
Aguascalientes,31-33 Industrias manufactureras,2022,Marzo,"27,863,279"
Aguascalientes,31-33 Industrias manufactureras,2022,Abril,"23,000,108"
Aguascalientes,31-33 Industrias manufactureras,2022,Mayo,"25,022,924"
Aguascalientes,31-33 Industrias manufactureras,2022,Junio,"23,046,811"
Aguascalientes,31-33 Industrias manufactureras,2022,Julio,"20,802,922"
Aguascalientes,31-33 Industrias manufactureras,2022,Agosto,"28,074,956"
Aguascalientes,31-33 Industrias manufactureras,2022,Septiembre,"21,729,245"
Aguascalientes,31-33 Industrias manufactureras,2022,Octubre,"25,607,139"
Aguascalientes,31-33 Industrias manufactureras,2022,Noviembre,"20,821,204"
Aguascalientes,31-33 Industrias manufactureras,2022,Diciembre,"22,248,639"
Aguascalientes,31-33 Industrias manufactureras,2023,Enero,"23,396,732"
Aguascalientes,31-33 Industrias manufactureras,2023,Febrero,"25,407,557"
Aguascalientes,31-33 Industrias manufactureras,2023,Marzo,"30,498,366"
Aguascalientes,31-33 Industrias manufactureras,2023,Abril,"23,536,658"
Aguascalientes,31-33 Industrias manufactureras,2023,Mayo,"26,120,843"
Aguascalientes,31-33 Industrias manufactureras,2023,Junio,"27,865,525"
Aguascalientes,31-33 Industrias manufactureras,2023,Julio,"30,316,976"
Aguascalientes,31-33 Industrias manufactureras,2023,Agosto,"28,787,295"
Aguascalientes,31-33 Industrias manufactureras,2023,Septiembre,"24,179,178"
Aguascalientes,31-33 Industrias manufactureras,2023,Octubre,"28,386,471"
Aguascalientes,31-33 Industrias manufactureras,2023,Noviembre,"26,212,946"
Aguascalientes,31-33 Industrias manufactureras,2023,Diciembre,"27,512,563"
Baja California,31-33 Industrias manufactureras,2018,Enero,"13,122,315"
Baja California,31-33 Industrias manufactureras,2018,Febrero,"14,137,744"
Baja California,31-33 Industrias manufactureras,2018,Marzo,"15,828,011"
Baja California,31-33 Industrias manufactureras,2018,Abril,"16,055,567"
Baja California,31-33 Industrias manufactureras,2018,Mayo,"17,885,617"
Baja California,31-33 Industrias manufactureras,2018,Junio,"17,537,034"
Baja California,31-33 Industrias manufactureras,2018,Julio,"15,157,910"
Baja California,31-33 Industrias manufactureras,2018,Agosto,"18,120,960"
Baja California,31-33 Industrias manufactureras,2018,Septiembre,"16,603,152"
Baja California,31-33 Industrias manufactureras,2018,Octubre,"18,962,437"
Baja California,31-33 Industrias manufactureras,2018,Noviembre,"18,577,526"
Baja California,31-33 Industrias manufactureras,2018,Diciembre,"16,772,223"
Baja California,31-33 Industrias manufactureras,2022,Enero,"19,425,741"
Baja California,31-33 Industrias manufactureras,2022,Febrero,"19,515,329"
Baja California,31-33 Industrias manufactureras,2022,Marzo,"21,431,041"
Baja California,31-33 Industrias manufactureras,2022,Abril,"16,395,900"
Baja California,31-33 Industrias manufactureras,2022,Mayo,"19,962,694"
Baja California,31-33 Industrias manufactureras,2022,Junio,"21,883,598"
Baja California,31-33 Industrias manufactureras,2022,Julio,"20,168,263"
Baja California,31-33 Industrias manufactureras,2022,Agosto,"20,336,841"
Baja California,31-33 Industrias manufactureras,2022,Septiembre,"21,624,409"
Baja California,31-33 Industrias manufactureras,2022,Octubre,"21,965,295"
Baja California,31-33 Industrias manufactureras,2022,Noviembre,"20,306,658"
Baja California,31-33 Industrias manufactureras,2022,Diciembre,"18,894,452"
Baja California,31-33 Industrias manufactureras,2023,Enero,"19,959,941"
Baja California,31-33 Industrias manufactureras,2023,Febrero,"18,858,106"
Baja California,31-33 Industrias manufactureras,2023,Marzo,"21,354,465"
Baja California,31-33 Industrias manufactureras,2023,Abril,"20,430,493"
Baja California,31-33 Industrias manufactureras,2023,Mayo,"21,579,222"
Baja California,31-33 Industrias manufactureras,2023,Junio,"21,918,323"
Baja California,31-33 Industrias manufactureras,2023,Julio,"19,886,821"
Baja California,31-33 Industrias manufactureras,2023,Agosto,"21,453,476"
Baja California,31-33 Industrias manufactureras,2023,Septiembre,"21,064,873"
Baja California,31-33 Industrias manufactureras,2023,Octubre,"22,201,058"
Baja California,31-33 Industrias manufactureras,2023,Noviembre,"18,129,745"
Baja California,31-33 Industrias manufactureras,2023,Diciembre,"12,273,657"
Baja California Sur,31-33 Industrias manufactureras,2018,Enero,"254,081"
Baja California Sur,31-33 Industrias manufactureras,2018,Febrero,"262,402"
Baja California Sur,31-33 Industrias manufactureras,2018,Marzo,"284,754"
Baja California Sur,31-33 Industrias manufactureras,2018,Abril,"318,442"
Baja California Sur,31-33 Industrias manufactureras,2018,Mayo,"338,125"
Baja California Sur,31-33 Industrias manufactureras,2018,Junio,"327,409"
Baja California Sur,31-33 Industrias manufactureras,2018,Julio,"335,621"
Baja California Sur,31-33 Industrias manufactureras,2018,Agosto,"321,136"
Baja California Sur,31-33 Industrias manufactureras,2018,Septiembre,"310,300"
Baja California Sur,31-33 Industrias manufactureras,2018,Octubre,"322,268"
Baja California Sur,31-33 Industrias manufactureras,2018,Noviembre,"308,887"
Baja California Sur,31-33 Industrias manufactureras,2018,Diciembre,"274,761"
Baja California Sur,31-33 Industrias manufactureras,2022,Enero,"365,517"
Baja California Sur,31-33 Industrias manufactureras,2022,Febrero,"317,068"
Baja California Sur,31-33 Industrias manufactureras,2022,Marzo,"418,011"
Baja California Sur,31-33 Industrias manufactureras,2022,Abril,"414,501"
Baja California Sur,31-33 Industrias manufactureras,2022,Mayo,"454,730"
Baja California Sur,31-33 Industrias manufactureras,2022,Junio,"462,242"
Baja California Sur,31-33 Industrias manufactureras,2022,Julio,"458,550"
Baja California Sur,31-33 Industrias manufactureras,2022,Agosto,"464,622"
Baja California Sur,31-33 Industrias manufactureras,2022,Septiembre,"424,309"
Baja California Sur,31-33 Industrias manufactureras,2022,Octubre,"407,742"
Baja California Sur,31-33 Industrias manufactureras,2022,Noviembre,"409,237"
Baja California Sur,31-33 Industrias manufactureras,2022,Diciembre,"408,238"
Baja California Sur,31-33 Industrias manufactureras,2023,Enero,"398,627"
Baja California Sur,31-33 Industrias manufactureras,2023,Febrero,"349,791"
Baja California Sur,31-33 Industrias manufactureras,2023,Marzo,"419,806"
Baja California Sur,31-33 Industrias manufactureras,2023,Abril,"401,840"
Baja California Sur,31-33 Industrias manufactureras,2023,Mayo,"434,618"
Baja California Sur,31-33 Industrias manufactureras,2023,Junio,"433,111"
Baja California Sur,31-33 Industrias manufactureras,2023,Julio,"394,769"
Baja California Sur,31-33 Industrias manufactureras,2023,Agosto,"402,256"
Baja California Sur,31-33 Industrias manufactureras,2023,Septiembre,"388,067"
Baja California Sur,31-33 Industrias manufactureras,2023,Octubre,"411,972"
Baja California Sur,31-33 Industrias manufactureras,2023,Noviembre,"431,039"
Baja California Sur,31-33 Industrias manufactureras,2023,Diciembre,"403,617"
Campeche,31-33 Industrias manufactureras,2018,Enero,"68,044"
Campeche,31-33 Industrias manufactureras,2018,Febrero,"68,846"
Campeche,31-33 Industrias manufactureras,2018,Marzo,"143,824"
Campeche,31-33 Industrias manufactureras,2018,Abril,"73,750"
Campeche,31-33 Industrias manufactureras,2018,Mayo,"108,053"
Campeche,31-33 Industrias manufactureras,2018,Junio,"108,233"
Campeche,31-33 Industrias manufactureras,2018,Julio,"22,407"
Campeche,31-33 Industrias manufactureras,2018,Agosto,"112,182"
Campeche,31-33 Industrias manufactureras,2018,Septiembre,"77,064"
Campeche,31-33 Industrias manufactureras,2018,Octubre,"134,042"
Campeche,31-33 Industrias manufactureras,2018,Noviembre,"8,112"
Campeche,31-33 Industrias manufactureras,2018,Diciembre,"71,927"
Campeche,31-33 Industrias manufactureras,2022,Enero,"101,618"
Campeche,31-33 Industrias manufactureras,2022,Febrero,"102,902"
Campeche,31-33 Industrias manufactureras,2022,Marzo,"105,802"
Campeche,31-33 Industrias manufactureras,2022,Abril,"206,192"
Campeche,31-33 Industrias manufactureras,2022,Mayo,"289,287"
Campeche,31-33 Industrias manufactureras,2022,Junio,"99,631"
Campeche,31-33 Industrias manufactureras,2022,Julio,"272,028"
Campeche,31-33 Industrias manufactureras,2022,Agosto,"136,789"
Campeche,31-33 Industrias manufactureras,2022,Septiembre,"90,131"
Campeche,31-33 Industrias manufactureras,2022,Octubre,"74,336"
Campeche,31-33 Industrias manufactureras,2022,Noviembre,"101,287"
Campeche,31-33 Industrias manufactureras,2022,Diciembre,"182,263"
Campeche,31-33 Industrias manufactureras,2023,Enero,"97,307"
Campeche,31-33 Industrias manufactureras,2023,Febrero,"144,476"
Campeche,31-33 Industrias manufactureras,2023,Marzo,"472,146"
Campeche,31-33 Industrias manufactureras,2023,Abril,"171,919"
Campeche,31-33 Industrias manufactureras,2023,Mayo,"191,356"
Campeche,31-33 Industrias manufactureras,2023,Junio,"273,260"
Campeche,31-33 Industrias manufactureras,2023,Julio,"130,472"
Campeche,31-33 Industrias manufactureras,2023,Agosto,"104,852"
Campeche,31-33 Industrias manufactureras,2023,Septiembre,"114,579"
Campeche,31-33 Industrias manufactureras,2023,Octubre,"141,185"
Campeche,31-33 Industrias manufactureras,2023,Noviembre,"232,687"
Campeche,31-33 Industrias manufactureras,2023,Diciembre,"285,838"
Coahuila de Zaragoza,31-33 Industrias manufactureras,2018,Enero,"66,975,213"
Coahuila de Zaragoza,31-33 Industrias manufactureras,2018,Febrero,"69,886,507"
Coahuila de Zaragoza,31-33 Industrias manufactureras,2018,Marzo,"69,859,621"
Coahuila de Zaragoza,31-33 Industrias manufactureras,2018,Abril,"55,332,406"
Coahuila de Zaragoza,31-33 Industrias manufactureras,2018,Mayo,"71,081,868"
Coahuila de Zaragoza,31-33 Industrias manufactureras,2018,Junio,"77,434,846"
Coahuila de Zaragoza,31-33 Industrias manufactureras,2018,Julio,"70,931,815"
Coahuila de Zaragoza,31-33 Industrias manufactureras,2018,Agosto,"78,197,224"
Coahuila de Zaragoza,31-33 Industrias manufactureras,2018,Septiembre,"73,921,607"
Coahuila de Zaragoza,31-33 Industrias manufactureras,2018,Octubre,"79,362,182"
Coahuila de Zaragoza,31-33 Industrias manufactureras,2018,Noviembre,"77,796,230"
Coahuila de Zaragoza,31-33 Industrias manufactureras,2018,Diciembre,"67,993,594"
Coahuila de Zaragoza,31-33 Industrias manufactureras,2022,Enero,"87,272,947"
Coahuila de Zaragoza,31-33 Industrias manufactureras,2022,Febrero,"84,150,287"
Coahuila de Zaragoza,31-33 Industrias manufactureras,2022,Marzo,"99,295,101"
Coahuila de Zaragoza,31-33 Industrias manufactureras,2022,Abril,"85,580,100"
Coahuila de Zaragoza,31-33 Industrias manufactureras,2022,Mayo,"89,776,649"
Coahuila de Zaragoza,31-33 Industrias manufactureras,2022,Junio,"93,031,186"
Coahuila de Zaragoza,31-33 Industrias manufactureras,2022,Julio,"93,232,601"
Coahuila de Zaragoza,31-33 Industrias manufactureras,2022,Agosto,"96,534,724"
Coahuila de Zaragoza,31-33 Industrias manufactureras,2022,Septiembre,"86,095,825"
Coahuila de Zaragoza,31-33 Industrias manufactureras,2022,Octubre,"95,254,102"
Coahuila de Zaragoza,31-33 Industrias manufactureras,2022,Noviembre,"87,273,092"
Coahuila de Zaragoza,31-33 Industrias manufactureras,2022,Diciembre,"83,098,357"
Coahuila de Zaragoza,31-33 Industrias manufactureras,2023,Enero,"80,623,942"
Coahuila de Zaragoza,31-33 Industrias manufactureras,2023,Febrero,"85,648,127"
Coahuila de Zaragoza,31-33 Industrias manufactureras,2023,Marzo,"100,951,420"
Coahuila de Zaragoza,31-33 Industrias manufactureras,2023,Abril,"82,336,855"
Coahuila de Zaragoza,31-33 Industrias manufactureras,2023,Mayo,"87,229,771"
Coahuila de Zaragoza,31-33 Industrias manufactureras,2023,Junio,"86,504,888"
Coahuila de Zaragoza,31-33 Industrias manufactureras,2023,Julio,"80,837,777"
Coahuila de Zaragoza,31-33 Industrias manufactureras,2023,Agosto,"87,844,922"
Coahuila de Zaragoza,31-33 Industrias manufactureras,2023,Septiembre,"83,531,543"
Coahuila de Zaragoza,31-33 Industrias manufactureras,2023,Octubre,"87,262,265"
Coahuila de Zaragoza,31-33 Industrias manufactureras,2023,Noviembre,"85,658,360"
Coahuila de Zaragoza,31-33 Industrias manufactureras,2023,Diciembre,"73,429,380"
Colima,31-33 Industrias manufactureras,2018,Enero,"904,251"
Colima,31-33 Industrias manufactureras,2018,Febrero,"898,803"
Colima,31-33 Industrias manufactureras,2018,Marzo,"942,685"
Colima,31-33 Industrias manufactureras,2018,Abril,"887,277"
Colima,31-33 Industrias manufactureras,2018,Mayo,"1,043,673"
Colima,31-33 Industrias manufactureras,2018,Junio,"1,114,705"
Colima,31-33 Industrias manufactureras,2018,Julio,"987,047"
Colima,31-33 Industrias manufactureras,2018,Agosto,"1,052,513"
Colima,31-33 Industrias manufactureras,2018,Septiembre,"922,495"
Colima,31-33 Industrias manufactureras,2018,Octubre,"951,166"
Colima,31-33 Industrias manufactureras,2018,Noviembre,"975,401"
Colima,31-33 Industrias manufactureras,2018,Diciembre,"1,001,408"
Colima,31-33 Industrias manufactureras,2022,Enero,"1,236,101"
Colima,31-33 Industrias manufactureras,2022,Febrero,"1,206,374"
Colima,31-33 Industrias manufactureras,2022,Marzo,"1,139,049"
Colima,31-33 Industrias manufactureras,2022,Abril,"1,256,382"
Colima,31-33 Industrias manufactureras,2022,Mayo,"1,196,643"
Colima,31-33 Industrias manufactureras,2022,Junio,"1,420,372"
Colima,31-33 Industrias manufactureras,2022,Julio,"1,292,208"
Colima,31-33 Industrias manufactureras,2022,Agosto,"1,411,159"
Colima,31-33 Industrias manufactureras,2022,Septiembre,"1,210,839"
Colima,31-33 Industrias manufactureras,2022,Octubre,"1,251,053"
Colima,31-33 Industrias manufactureras,2022,Noviembre,"1,331,571"
Colima,31-33 Industrias manufactureras,2022,Diciembre,"1,293,985"
Colima,31-33 Industrias manufactureras,2023,Enero,"1,315,928"
Colima,31-33 Industrias manufactureras,2023,Febrero,"1,228,563"
Colima,31-33 Industrias manufactureras,2023,Marzo,"1,290,143"
Colima,31-33 Industrias manufactureras,2023,Abril,"1,255,657"
Colima,31-33 Industrias manufactureras,2023,Mayo,"1,217,570"
Colima,31-33 Industrias manufactureras,2023,Junio,"1,254,335"
Colima,31-33 Industrias manufactureras,2023,Julio,"1,226,279"
Colima,31-33 Industrias manufactureras,2023,Agosto,"1,413,072"
Colima,31-33 Industrias manufactureras,2023,Septiembre,"1,279,831"
Colima,31-33 Industrias manufactureras,2023,Octubre,"1,391,234"
Colima,31-33 Industrias manufactureras,2023,Noviembre,"1,421,823"
Colima,31-33 Industrias manufactureras,2023,Diciembre,"1,355,559"
Chiapas,31-33 Industrias manufactureras,2018,Enero,"4,583,795"
Chiapas,31-33 Industrias manufactureras,2018,Febrero,"4,765,372"
Chiapas,31-33 Industrias manufactureras,2018,Marzo,"4,955,509"
Chiapas,31-33 Industrias manufactureras,2018,Abril,"4,341,296"
Chiapas,31-33 Industrias manufactureras,2018,Mayo,"3,592,553"
Chiapas,31-33 Industrias manufactureras,2018,Junio,"4,835,070"
Chiapas,31-33 Industrias manufactureras,2018,Julio,"4,741,286"
Chiapas,31-33 Industrias manufactureras,2018,Agosto,"4,657,318"
Chiapas,31-33 Industrias manufactureras,2018,Septiembre,"4,729,718"
Chiapas,31-33 Industrias manufactureras,2018,Octubre,"4,757,675"
Chiapas,31-33 Industrias manufactureras,2018,Noviembre,"4,822,743"
Chiapas,31-33 Industrias manufactureras,2018,Diciembre,"4,944,380"
Chiapas,31-33 Industrias manufactureras,2022,Enero,"6,492,285"
Chiapas,31-33 Industrias manufactureras,2022,Febrero,"5,637,620"
Chiapas,31-33 Industrias manufactureras,2022,Marzo,"6,186,271"
Chiapas,31-33 Industrias manufactureras,2022,Abril,"5,376,176"
Chiapas,31-33 Industrias manufactureras,2022,Mayo,"6,208,490"
Chiapas,31-33 Industrias manufactureras,2022,Junio,"6,598,772"
Chiapas,31-33 Industrias manufactureras,2022,Julio,"5,781,847"
Chiapas,31-33 Industrias manufactureras,2022,Agosto,"7,013,492"
Chiapas,31-33 Industrias manufactureras,2022,Septiembre,"6,685,613"
Chiapas,31-33 Industrias manufactureras,2022,Octubre,"5,792,325"
Chiapas,31-33 Industrias manufactureras,2022,Noviembre,"6,119,206"
Chiapas,31-33 Industrias manufactureras,2022,Diciembre,"6,319,787"
Chiapas,31-33 Industrias manufactureras,2023,Enero,"2,627,704"
Chiapas,31-33 Industrias manufactureras,2023,Febrero,"2,260,231"
Chiapas,31-33 Industrias manufactureras,2023,Marzo,"2,864,157"
Chiapas,31-33 Industrias manufactureras,2023,Abril,"2,649,615"
Chiapas,31-33 Industrias manufactureras,2023,Mayo,"2,929,461"
Chiapas,31-33 Industrias manufactureras,2023,Junio,"2,702,136"
Chiapas,31-33 Industrias manufactureras,2023,Julio,"2,690,071"
Chiapas,31-33 Industrias manufactureras,2023,Agosto,"2,574,153"
Chiapas,31-33 Industrias manufactureras,2023,Septiembre,"2,574,657"
Chiapas,31-33 Industrias manufactureras,2023,Octubre,"2,350,552"
Chiapas,31-33 Industrias manufactureras,2023,Noviembre,"2,406,290"
Chiapas,31-33 Industrias manufactureras,2023,Diciembre,"3,132,429"
Chihuahua,31-33 Industrias manufactureras,2018,Enero,"10,072,611"
Chihuahua,31-33 Industrias manufactureras,2018,Febrero,"10,052,336"
Chihuahua,31-33 Industrias manufactureras,2018,Marzo,"10,264,326"
Chihuahua,31-33 Industrias manufactureras,2018,Abril,"10,264,336"
Chihuahua,31-33 Industrias manufactureras,2018,Mayo,"9,799,995"
Chihuahua,31-33 Industrias manufactureras,2018,Junio,"10,845,086"
Chihuahua,31-33 Industrias manufactureras,2018,Julio,"9,585,432"
Chihuahua,31-33 Industrias manufactureras,2018,Agosto,"11,435,073"
Chihuahua,31-33 Industrias manufactureras,2018,Septiembre,"10,280,207"
Chihuahua,31-33 Industrias manufactureras,2018,Octubre,"11,682,397"
Chihuahua,31-33 Industrias manufactureras,2018,Noviembre,"11,099,241"
Chihuahua,31-33 Industrias manufactureras,2018,Diciembre,"9,743,127"
Chihuahua,31-33 Industrias manufactureras,2022,Enero,"11,330,720"
Chihuahua,31-33 Industrias manufactureras,2022,Febrero,"10,626,376"
Chihuahua,31-33 Industrias manufactureras,2022,Marzo,"12,590,048"
Chihuahua,31-33 Industrias manufactureras,2022,Abril,"11,757,673"
Chihuahua,31-33 Industrias manufactureras,2022,Mayo,"12,579,310"
Chihuahua,31-33 Industrias manufactureras,2022,Junio,"11,723,811"
Chihuahua,31-33 Industrias manufactureras,2022,Julio,"11,728,238"
Chihuahua,31-33 Industrias manufactureras,2022,Agosto,"14,596,626"
Chihuahua,31-33 Industrias manufactureras,2022,Septiembre,"12,345,803"
Chihuahua,31-33 Industrias manufactureras,2022,Octubre,"11,917,491"
Chihuahua,31-33 Industrias manufactureras,2022,Noviembre,"12,709,903"
Chihuahua,31-33 Industrias manufactureras,2022,Diciembre,"11,854,916"
Chihuahua,31-33 Industrias manufactureras,2023,Enero,"14,579,330"
Chihuahua,31-33 Industrias manufactureras,2023,Febrero,"11,689,050"
Chihuahua,31-33 Industrias manufactureras,2023,Marzo,"12,704,677"
Chihuahua,31-33 Industrias manufactureras,2023,Abril,"11,901,673"
Chihuahua,31-33 Industrias manufactureras,2023,Mayo,"12,277,544"
Chihuahua,31-33 Industrias manufactureras,2023,Junio,"12,072,646"
Chihuahua,31-33 Industrias manufactureras,2023,Julio,"11,991,922"
Chihuahua,31-33 Industrias manufactureras,2023,Agosto,"12,610,857"
Chihuahua,31-33 Industrias manufactureras,2023,Septiembre,"12,549,730"
Chihuahua,31-33 Industrias manufactureras,2023,Octubre,"11,714,609"
Chihuahua,31-33 Industrias manufactureras,2023,Noviembre,"12,169,723"
Chihuahua,31-33 Industrias manufactureras,2023,Diciembre,"11,696,312"
Ciudad de México,31-33 Industrias manufactureras,2018,Enero,"21,400,437"
Ciudad de México,31-33 Industrias manufactureras,2018,Febrero,"21,001,591"
Ciudad de México,31-33 Industrias manufactureras,2018,Marzo,"23,058,826"
Ciudad de México,31-33 Industrias manufactureras,2018,Abril,"22,922,517"
Ciudad de México,31-33 Industrias manufactureras,2018,Mayo,"24,040,575"
Ciudad de México,31-33 Industrias manufactureras,2018,Junio,"24,272,852"
Ciudad de México,31-33 Industrias manufactureras,2018,Julio,"23,235,371"
Ciudad de México,31-33 Industrias manufactureras,2018,Agosto,"24,313,816"
Ciudad de México,31-33 Industrias manufactureras,2018,Septiembre,"22,776,920"
Ciudad de México,31-33 Industrias manufactureras,2018,Octubre,"24,857,236"
Ciudad de México,31-33 Industrias manufactureras,2018,Noviembre,"24,297,366"
Ciudad de México,31-33 Industrias manufactureras,2018,Diciembre,"22,593,541"
Ciudad de México,31-33 Industrias manufactureras,2022,Enero,"25,143,399"
Ciudad de México,31-33 Industrias manufactureras,2022,Febrero,"24,869,034"
Ciudad de México,31-33 Industrias manufactureras,2022,Marzo,"27,762,403"
Ciudad de México,31-33 Industrias manufactureras,2022,Abril,"26,182,388"
Ciudad de México,31-33 Industrias manufactureras,2022,Mayo,"28,085,382"
Ciudad de México,31-33 Industrias manufactureras,2022,Junio,"28,264,716"
Ciudad de México,31-33 Industrias manufactureras,2022,Julio,"28,537,259"
Ciudad de México,31-33 Industrias manufactureras,2022,Agosto,"28,640,877"
Ciudad de México,31-33 Industrias manufactureras,2022,Septiembre,"28,308,612"
Ciudad de México,31-33 Industrias manufactureras,2022,Octubre,"29,050,995"
Ciudad de México,31-33 Industrias manufactureras,2022,Noviembre,"29,975,187"
Ciudad de México,31-33 Industrias manufactureras,2022,Diciembre,"28,295,171"
Ciudad de México,31-33 Industrias manufactureras,2023,Enero,"27,516,093"
Ciudad de México,31-33 Industrias manufactureras,2023,Febrero,"26,665,164"
Ciudad de México,31-33 Industrias manufactureras,2023,Marzo,"29,334,646"
Ciudad de México,31-33 Industrias manufactureras,2023,Abril,"26,508,417"
Ciudad de México,31-33 Industrias manufactureras,2023,Mayo,"28,185,976"
Ciudad de México,31-33 Industrias manufactureras,2023,Junio,"28,419,939"
Ciudad de México,31-33 Industrias manufactureras,2023,Julio,"27,591,292"
Ciudad de México,31-33 Industrias manufactureras,2023,Agosto,"28,308,117"
Ciudad de México,31-33 Industrias manufactureras,2023,Septiembre,"27,694,079"
Ciudad de México,31-33 Industrias manufactureras,2023,Octubre,"29,010,073"
Ciudad de México,31-33 Industrias manufactureras,2023,Noviembre,"28,575,410"
Ciudad de México,31-33 Industrias manufactureras,2023,Diciembre,"27,501,973"
Durango,31-33 Industrias manufactureras,2018,Enero,"5,119,850"
Durango,31-33 Industrias manufactureras,2018,Febrero,"5,095,322"
Durango,31-33 Industrias manufactureras,2018,Marzo,"5,143,280"
Durango,31-33 Industrias manufactureras,2018,Abril,"5,001,331"
Durango,31-33 Industrias manufactureras,2018,Mayo,"5,405,565"
Durango,31-33 Industrias manufactureras,2018,Junio,"5,336,621"
Durango,31-33 Industrias manufactureras,2018,Julio,"5,155,213"
Durango,31-33 Industrias manufactureras,2018,Agosto,"5,578,835"
Durango,31-33 Industrias manufactureras,2018,Septiembre,"5,013,445"
Durango,31-33 Industrias manufactureras,2018,Octubre,"4,883,021"
Durango,31-33 Industrias manufactureras,2018,Noviembre,"5,289,637"
Durango,31-33 Industrias manufactureras,2018,Diciembre,"4,922,676"
Durango,31-33 Industrias manufactureras,2022,Enero,"6,928,711"
Durango,31-33 Industrias manufactureras,2022,Febrero,"7,145,585"
Durango,31-33 Industrias manufactureras,2022,Marzo,"7,760,576"
Durango,31-33 Industrias manufactureras,2022,Abril,"7,424,866"
Durango,31-33 Industrias manufactureras,2022,Mayo,"7,707,964"
Durango,31-33 Industrias manufactureras,2022,Junio,"7,550,313"
Durango,31-33 Industrias manufactureras,2022,Julio,"7,450,199"
Durango,31-33 Industrias manufactureras,2022,Agosto,"7,615,062"
Durango,31-33 Industrias manufactureras,2022,Septiembre,"7,273,772"
Durango,31-33 Industrias manufactureras,2022,Octubre,"7,354,155"
Durango,31-33 Industrias manufactureras,2022,Noviembre,"7,434,653"
Durango,31-33 Industrias manufactureras,2022,Diciembre,"7,351,390"
Durango,31-33 Industrias manufactureras,2023,Enero,"7,368,791"
Durango,31-33 Industrias manufactureras,2023,Febrero,"7,256,360"
Durango,31-33 Industrias manufactureras,2023,Marzo,"7,776,906"
Durango,31-33 Industrias manufactureras,2023,Abril,"7,396,505"
Durango,31-33 Industrias manufactureras,2023,Mayo,"7,240,468"
Durango,31-33 Industrias manufactureras,2023,Junio,"7,267,553"
Durango,31-33 Industrias manufactureras,2023,Julio,"6,972,950"
Durango,31-33 Industrias manufactureras,2023,Agosto,"7,207,659"
Durango,31-33 Industrias manufactureras,2023,Septiembre,"6,834,762"
Durango,31-33 Industrias manufactureras,2023,Octubre,"6,992,581"
Durango,31-33 Industrias manufactureras,2023,Noviembre,"7,173,880"
Durango,31-33 Industrias manufactureras,2023,Diciembre,"6,818,818"
Guanajuato,31-33 Industrias manufactureras,2018,Enero,"68,174,556"
Guanajuato,31-33 Industrias manufactureras,2018,Febrero,"73,753,648"
Guanajuato,31-33 Industrias manufactureras,2018,Marzo,"78,020,561"
Guanajuato,31-33 Industrias manufactureras,2018,Abril,"76,066,273"
Guanajuato,31-33 Industrias manufactureras,2018,Mayo,"80,943,738"
Guanajuato,31-33 Industrias manufactureras,2018,Junio,"81,181,061"
Guanajuato,31-33 Industrias manufactureras,2018,Julio,"71,303,373"
Guanajuato,31-33 Industrias manufactureras,2018,Agosto,"73,700,393"
Guanajuato,31-33 Industrias manufactureras,2018,Septiembre,"73,715,278"
Guanajuato,31-33 Industrias manufactureras,2018,Octubre,"72,245,196"
Guanajuato,31-33 Industrias manufactureras,2018,Noviembre,"72,952,137"
Guanajuato,31-33 Industrias manufactureras,2018,Diciembre,"58,368,231"
Guanajuato,31-33 Industrias manufactureras,2022,Enero,"93,528,133"
Guanajuato,31-33 Industrias manufactureras,2022,Febrero,"92,986,418"
Guanajuato,31-33 Industrias manufactureras,2022,Marzo,"108,280,246"
Guanajuato,31-33 Industrias manufactureras,2022,Abril,"95,902,280"
Guanajuato,31-33 Industrias manufactureras,2022,Mayo,"94,752,727"
Guanajuato,31-33 Industrias manufactureras,2022,Junio,"92,660,866"
Guanajuato,31-33 Industrias manufactureras,2022,Julio,"101,076,423"
Guanajuato,31-33 Industrias manufactureras,2022,Agosto,"102,692,863"
Guanajuato,31-33 Industrias manufactureras,2022,Septiembre,"100,137,160"
Guanajuato,31-33 Industrias manufactureras,2022,Octubre,"97,057,867"
Guanajuato,31-33 Industrias manufactureras,2022,Noviembre,"91,553,744"
Guanajuato,31-33 Industrias manufactureras,2022,Diciembre,"93,778,869"
Guanajuato,31-33 Industrias manufactureras,2023,Enero,"101,154,203"
Guanajuato,31-33 Industrias manufactureras,2023,Febrero,"88,072,235"
Guanajuato,31-33 Industrias manufactureras,2023,Marzo,"95,640,024"
Guanajuato,31-33 Industrias manufactureras,2023,Abril,"91,177,421"
Guanajuato,31-33 Industrias manufactureras,2023,Mayo,"97,017,062"
Guanajuato,31-33 Industrias manufactureras,2023,Junio,"89,627,947"
Guanajuato,31-33 Industrias manufactureras,2023,Julio,"84,943,961"
Guanajuato,31-33 Industrias manufactureras,2023,Agosto,"84,425,620"
Guanajuato,31-33 Industrias manufactureras,2023,Septiembre,"95,605,949"
Guanajuato,31-33 Industrias manufactureras,2023,Octubre,"103,511,271"
Guanajuato,31-33 Industrias manufactureras,2023,Noviembre,"99,292,654"
Guanajuato,31-33 Industrias manufactureras,2023,Diciembre,"87,102,644"
Guerrero,31-33 Industrias manufactureras,2018,Enero,"279,753"
Guerrero,31-33 Industrias manufactureras,2018,Febrero,"268,098"
Guerrero,31-33 Industrias manufactureras,2018,Marzo,"327,897"
Guerrero,31-33 Industrias manufactureras,2018,Abril,"341,471"
Guerrero,31-33 Industrias manufactureras,2018,Mayo,"372,508"
Guerrero,31-33 Industrias manufactureras,2018,Junio,"345,259"
Guerrero,31-33 Industrias manufactureras,2018,Julio,"327,973"
Guerrero,31-33 Industrias manufactureras,2018,Agosto,"350,808"
Guerrero,31-33 Industrias manufactureras,2018,Septiembre,"291,302"
Guerrero,31-33 Industrias manufactureras,2018,Octubre,"303,988"
Guerrero,31-33 Industrias manufactureras,2018,Noviembre,"303,262"
Guerrero,31-33 Industrias manufactureras,2018,Diciembre,"286,206"
Guerrero,31-33 Industrias manufactureras,2022,Enero,"326,802"
Guerrero,31-33 Industrias manufactureras,2022,Febrero,"300,455"
Guerrero,31-33 Industrias manufactureras,2022,Marzo,"378,421"
Guerrero,31-33 Industrias manufactureras,2022,Abril,"368,452"
Guerrero,31-33 Industrias manufactureras,2022,Mayo,"395,181"
Guerrero,31-33 Industrias manufactureras,2022,Junio,"370,113"
Guerrero,31-33 Industrias manufactureras,2022,Julio,"372,435"
Guerrero,31-33 Industrias manufactureras,2022,Agosto,"375,169"
Guerrero,31-33 Industrias manufactureras,2022,Septiembre,"341,430"
Guerrero,31-33 Industrias manufactureras,2022,Octubre,"368,375"
Guerrero,31-33 Industrias manufactureras,2022,Noviembre,"364,788"
Guerrero,31-33 Industrias manufactureras,2022,Diciembre,"370,071"
Guerrero,31-33 Industrias manufactureras,2023,Enero,"204,263"
Guerrero,31-33 Industrias manufactureras,2023,Febrero,"198,320"
Guerrero,31-33 Industrias manufactureras,2023,Marzo,"266,157"
Guerrero,31-33 Industrias manufactureras,2023,Abril,"240,475"
Guerrero,31-33 Industrias manufactureras,2023,Mayo,"215,462"
Guerrero,31-33 Industrias manufactureras,2023,Junio,"206,188"
Guerrero,31-33 Industrias manufactureras,2023,Julio,"207,011"
Guerrero,31-33 Industrias manufactureras,2023,Agosto,"209,028"
Guerrero,31-33 Industrias manufactureras,2023,Septiembre,"209,906"
Guerrero,31-33 Industrias manufactureras,2023,Octubre,"176,684"
Guerrero,31-33 Industrias manufactureras,2023,Noviembre,"161,096"
Guerrero,31-33 Industrias manufactureras,2023,Diciembre,"190,183"
Hidalgo,31-33 Industrias manufactureras,2018,Enero,"15,443,099"
Hidalgo,31-33 Industrias manufactureras,2018,Febrero,"12,488,655"
Hidalgo,31-33 Industrias manufactureras,2018,Marzo,"14,783,666"
Hidalgo,31-33 Industrias manufactureras,2018,Abril,"15,814,222"
Hidalgo,31-33 Industrias manufactureras,2018,Mayo,"17,577,199"
Hidalgo,31-33 Industrias manufactureras,2018,Junio,"16,383,687"
Hidalgo,31-33 Industrias manufactureras,2018,Julio,"16,764,588"
Hidalgo,31-33 Industrias manufactureras,2018,Agosto,"16,472,883"
Hidalgo,31-33 Industrias manufactureras,2018,Septiembre,"15,737,555"
Hidalgo,31-33 Industrias manufactureras,2018,Octubre,"15,639,898"
Hidalgo,31-33 Industrias manufactureras,2018,Noviembre,"17,116,906"
Hidalgo,31-33 Industrias manufactureras,2018,Diciembre,"16,093,476"
Hidalgo,31-33 Industrias manufactureras,2022,Enero,"23,155,379"
Hidalgo,31-33 Industrias manufactureras,2022,Febrero,"21,910,282"
Hidalgo,31-33 Industrias manufactureras,2022,Marzo,"27,109,393"
Hidalgo,31-33 Industrias manufactureras,2022,Abril,"27,505,517"
Hidalgo,31-33 Industrias manufactureras,2022,Mayo,"26,820,053"
Hidalgo,31-33 Industrias manufactureras,2022,Junio,"22,201,282"
Hidalgo,31-33 Industrias manufactureras,2022,Julio,"27,551,371"
Hidalgo,31-33 Industrias manufactureras,2022,Agosto,"26,924,363"
Hidalgo,31-33 Industrias manufactureras,2022,Septiembre,"24,880,464"
Hidalgo,31-33 Industrias manufactureras,2022,Octubre,"29,622,093"
Hidalgo,31-33 Industrias manufactureras,2022,Noviembre,"28,175,415"
Hidalgo,31-33 Industrias manufactureras,2022,Diciembre,"20,974,592"
Hidalgo,31-33 Industrias manufactureras,2023,Enero,"27,662,773"
Hidalgo,31-33 Industrias manufactureras,2023,Febrero,"22,246,078"
Hidalgo,31-33 Industrias manufactureras,2023,Marzo,"27,931,080"
Hidalgo,31-33 Industrias manufactureras,2023,Abril,"26,303,693"
Hidalgo,31-33 Industrias manufactureras,2023,Mayo,"22,593,458"
Hidalgo,31-33 Industrias manufactureras,2023,Junio,"19,130,950"
Hidalgo,31-33 Industrias manufactureras,2023,Julio,"24,767,846"
Hidalgo,31-33 Industrias manufactureras,2023,Agosto,"26,843,559"
Hidalgo,31-33 Industrias manufactureras,2023,Septiembre,"24,658,300"
Hidalgo,31-33 Industrias manufactureras,2023,Octubre,"22,653,035"
Hidalgo,31-33 Industrias manufactureras,2023,Noviembre,"23,048,159"
Hidalgo,31-33 Industrias manufactureras,2023,Diciembre,"21,205,780"
Jalisco,31-33 Industrias manufactureras,2018,Enero,"42,537,510"
Jalisco,31-33 Industrias manufactureras,2018,Febrero,"40,097,676"
Jalisco,31-33 Industrias manufactureras,2018,Marzo,"43,512,399"
Jalisco,31-33 Industrias manufactureras,2018,Abril,"43,006,316"
Jalisco,31-33 Industrias manufactureras,2018,Mayo,"45,112,259"
Jalisco,31-33 Industrias manufactureras,2018,Junio,"45,020,809"
Jalisco,31-33 Industrias manufactureras,2018,Julio,"43,919,986"
Jalisco,31-33 Industrias manufactureras,2018,Agosto,"46,299,548"
Jalisco,31-33 Industrias manufactureras,2018,Septiembre,"43,468,537"
Jalisco,31-33 Industrias manufactureras,2018,Octubre,"45,772,097"
Jalisco,31-33 Industrias manufactureras,2018,Noviembre,"45,963,929"
Jalisco,31-33 Industrias manufactureras,2018,Diciembre,"41,912,400"
Jalisco,31-33 Industrias manufactureras,2022,Enero,"52,914,724"
Jalisco,31-33 Industrias manufactureras,2022,Febrero,"54,041,507"
Jalisco,31-33 Industrias manufactureras,2022,Marzo,"61,243,359"
Jalisco,31-33 Industrias manufactureras,2022,Abril,"53,294,450"
Jalisco,31-33 Industrias manufactureras,2022,Mayo,"56,612,262"
Jalisco,31-33 Industrias manufactureras,2022,Junio,"57,900,846"
Jalisco,31-33 Industrias manufactureras,2022,Julio,"57,459,298"
Jalisco,31-33 Industrias manufactureras,2022,Agosto,"59,932,605"
Jalisco,31-33 Industrias manufactureras,2022,Septiembre,"57,529,207"
Jalisco,31-33 Industrias manufactureras,2022,Octubre,"59,817,480"
Jalisco,31-33 Industrias manufactureras,2022,Noviembre,"58,713,706"
Jalisco,31-33 Industrias manufactureras,2022,Diciembre,"59,649,817"
Jalisco,31-33 Industrias manufactureras,2023,Enero,"58,902,543"
Jalisco,31-33 Industrias manufactureras,2023,Febrero,"57,657,080"
Jalisco,31-33 Industrias manufactureras,2023,Marzo,"62,072,391"
Jalisco,31-33 Industrias manufactureras,2023,Abril,"55,373,983"
Jalisco,31-33 Industrias manufactureras,2023,Mayo,"58,834,869"
Jalisco,31-33 Industrias manufactureras,2023,Junio,"58,718,357"
Jalisco,31-33 Industrias manufactureras,2023,Julio,"55,406,600"
Jalisco,31-33 Industrias manufactureras,2023,Agosto,"59,129,587"
Jalisco,31-33 Industrias manufactureras,2023,Septiembre,"57,623,743"
Jalisco,31-33 Industrias manufactureras,2023,Octubre,"59,676,235"
Jalisco,31-33 Industrias manufactureras,2023,Noviembre,"59,053,613"
Jalisco,31-33 Industrias manufactureras,2023,Diciembre,"58,490,401"
México,31-33 Industrias manufactureras,2018,Enero,"74,851,829"
México,31-33 Industrias manufactureras,2018,Febrero,"73,009,707"
México,31-33 Industrias manufactureras,2018,Marzo,"77,453,921"
México,31-33 Industrias manufactureras,2018,Abril,"77,783,919"
México,31-33 Industrias manufactureras,2018,Mayo,"81,781,652"
México,31-33 Industrias manufactureras,2018,Junio,"83,967,698"
México,31-33 Industrias manufactureras,2018,Julio,"80,043,519"
México,31-33 Industrias manufactureras,2018,Agosto,"82,011,377"
México,31-33 Industrias manufactureras,2018,Septiembre,"80,249,224"
México,31-33 Industrias manufactureras,2018,Octubre,"82,715,432"
México,31-33 Industrias manufactureras,2018,Noviembre,"78,944,538"
México,31-33 Industrias manufactureras,2018,Diciembre,"69,670,371"
México,31-33 Industrias manufactureras,2022,Enero,"76,484,711"
México,31-33 Industrias manufactureras,2022,Febrero,"81,802,049"
México,31-33 Industrias manufactureras,2022,Marzo,"96,909,402"
México,31-33 Industrias manufactureras,2022,Abril,"88,974,950"
México,31-33 Industrias manufactureras,2022,Mayo,"89,622,873"
México,31-33 Industrias manufactureras,2022,Junio,"90,894,939"
México,31-33 Industrias manufactureras,2022,Julio,"93,357,664"
México,31-33 Industrias manufactureras,2022,Agosto,"96,915,755"
México,31-33 Industrias manufactureras,2022,Septiembre,"93,281,045"
México,31-33 Industrias manufactureras,2022,Octubre,"91,239,288"
México,31-33 Industrias manufactureras,2022,Noviembre,"95,659,731"
México,31-33 Industrias manufactureras,2022,Diciembre,"90,768,931"
México,31-33 Industrias manufactureras,2023,Enero,"84,698,078"
México,31-33 Industrias manufactureras,2023,Febrero,"82,673,287"
México,31-33 Industrias manufactureras,2023,Marzo,"92,059,037"
México,31-33 Industrias manufactureras,2023,Abril,"96,399,641"
México,31-33 Industrias manufactureras,2023,Mayo,"98,368,612"
México,31-33 Industrias manufactureras,2023,Junio,"94,534,719"
México,31-33 Industrias manufactureras,2023,Julio,"86,548,725"
México,31-33 Industrias manufactureras,2023,Agosto,"95,190,800"
México,31-33 Industrias manufactureras,2023,Septiembre,"92,579,310"
México,31-33 Industrias manufactureras,2023,Octubre,"96,884,202"
México,31-33 Industrias manufactureras,2023,Noviembre,"88,241,408"
México,31-33 Industrias manufactureras,2023,Diciembre,"78,569,075"
Michoacán de Ocampo,31-33 Industrias manufactureras,2018,Enero,"7,391,982"
Michoacán de Ocampo,31-33 Industrias manufactureras,2018,Febrero,"7,834,094"
Michoacán de Ocampo,31-33 Industrias manufactureras,2018,Marzo,"10,218,229"
Michoacán de Ocampo,31-33 Industrias manufactureras,2018,Abril,"9,302,458"
Michoacán de Ocampo,31-33 Industrias manufactureras,2018,Mayo,"10,560,911"
Michoacán de Ocampo,31-33 Industrias manufactureras,2018,Junio,"9,983,177"
Michoacán de Ocampo,31-33 Industrias manufactureras,2018,Julio,"9,643,686"
Michoacán de Ocampo,31-33 Industrias manufactureras,2018,Agosto,"8,477,327"
Michoacán de Ocampo,31-33 Industrias manufactureras,2018,Septiembre,"8,551,123"
Michoacán de Ocampo,31-33 Industrias manufactureras,2018,Octubre,"8,724,768"
Michoacán de Ocampo,31-33 Industrias manufactureras,2018,Noviembre,"8,798,862"
Michoacán de Ocampo,31-33 Industrias manufactureras,2018,Diciembre,"9,639,893"
Michoacán de Ocampo,31-33 Industrias manufactureras,2022,Enero,"13,485,476"
Michoacán de Ocampo,31-33 Industrias manufactureras,2022,Febrero,"12,971,067"
Michoacán de Ocampo,31-33 Industrias manufactureras,2022,Marzo,"15,166,907"
Michoacán de Ocampo,31-33 Industrias manufactureras,2022,Abril,"14,578,039"
Michoacán de Ocampo,31-33 Industrias manufactureras,2022,Mayo,"17,612,708"
Michoacán de Ocampo,31-33 Industrias manufactureras,2022,Junio,"17,132,226"
Michoacán de Ocampo,31-33 Industrias manufactureras,2022,Julio,"16,365,241"
Michoacán de Ocampo,31-33 Industrias manufactureras,2022,Agosto,"15,574,448"
Michoacán de Ocampo,31-33 Industrias manufactureras,2022,Septiembre,"12,894,240"
Michoacán de Ocampo,31-33 Industrias manufactureras,2022,Octubre,"13,391,625"
Michoacán de Ocampo,31-33 Industrias manufactureras,2022,Noviembre,"13,239,323"
Michoacán de Ocampo,31-33 Industrias manufactureras,2022,Diciembre,"13,875,986"
Michoacán de Ocampo,31-33 Industrias manufactureras,2023,Enero,"13,973,248"
Michoacán de Ocampo,31-33 Industrias manufactureras,2023,Febrero,"13,641,171"
Michoacán de Ocampo,31-33 Industrias manufactureras,2023,Marzo,"16,354,947"
Michoacán de Ocampo,31-33 Industrias manufactureras,2023,Abril,"15,145,230"
Michoacán de Ocampo,31-33 Industrias manufactureras,2023,Mayo,"14,730,267"
Michoacán de Ocampo,31-33 Industrias manufactureras,2023,Junio,"13,351,477"
Michoacán de Ocampo,31-33 Industrias manufactureras,2023,Julio,"12,801,117"
Michoacán de Ocampo,31-33 Industrias manufactureras,2023,Agosto,"13,534,297"
Michoacán de Ocampo,31-33 Industrias manufactureras,2023,Septiembre,"12,460,844"
Michoacán de Ocampo,31-33 Industrias manufactureras,2023,Octubre,"12,232,750"
Michoacán de Ocampo,31-33 Industrias manufactureras,2023,Noviembre,"13,156,475"
Michoacán de Ocampo,31-33 Industrias manufactureras,2023,Diciembre,"13,101,672"
Morelos,31-33 Industrias manufactureras,2018,Enero,"9,996,866"
Morelos,31-33 Industrias manufactureras,2018,Febrero,"9,904,532"
Morelos,31-33 Industrias manufactureras,2018,Marzo,"12,155,837"
Morelos,31-33 Industrias manufactureras,2018,Abril,"8,255,786"
Morelos,31-33 Industrias manufactureras,2018,Mayo,"10,845,432"
Morelos,31-33 Industrias manufactureras,2018,Junio,"10,642,291"
Morelos,31-33 Industrias manufactureras,2018,Julio,"9,927,681"
Morelos,31-33 Industrias manufactureras,2018,Agosto,"10,988,766"
Morelos,31-33 Industrias manufactureras,2018,Septiembre,"11,290,971"
Morelos,31-33 Industrias manufactureras,2018,Octubre,"10,103,680"
Morelos,31-33 Industrias manufactureras,2018,Noviembre,"10,546,833"
Morelos,31-33 Industrias manufactureras,2018,Diciembre,"10,365,652"
Morelos,31-33 Industrias manufactureras,2022,Enero,"9,570,191"
Morelos,31-33 Industrias manufactureras,2022,Febrero,"10,046,523"
Morelos,31-33 Industrias manufactureras,2022,Marzo,"10,693,301"
Morelos,31-33 Industrias manufactureras,2022,Abril,"9,519,317"
Morelos,31-33 Industrias manufactureras,2022,Mayo,"10,522,921"
Morelos,31-33 Industrias manufactureras,2022,Junio,"9,761,939"
Morelos,31-33 Industrias manufactureras,2022,Julio,"10,178,256"
Morelos,31-33 Industrias manufactureras,2022,Agosto,"10,174,261"
Morelos,31-33 Industrias manufactureras,2022,Septiembre,"9,813,615"
Morelos,31-33 Industrias manufactureras,2022,Octubre,"10,577,641"
Morelos,31-33 Industrias manufactureras,2022,Noviembre,"10,564,159"
Morelos,31-33 Industrias manufactureras,2022,Diciembre,"10,305,213"
Morelos,31-33 Industrias manufactureras,2023,Enero,"10,633,477"
Morelos,31-33 Industrias manufactureras,2023,Febrero,"10,914,757"
Morelos,31-33 Industrias manufactureras,2023,Marzo,"11,691,501"
Morelos,31-33 Industrias manufactureras,2023,Abril,"10,268,983"
Morelos,31-33 Industrias manufactureras,2023,Mayo,"11,314,782"
Morelos,31-33 Industrias manufactureras,2023,Junio,"10,436,934"
Morelos,31-33 Industrias manufactureras,2023,Julio,"9,759,396"
Morelos,31-33 Industrias manufactureras,2023,Agosto,"11,087,522"
Morelos,31-33 Industrias manufactureras,2023,Septiembre,"10,443,305"
Morelos,31-33 Industrias manufactureras,2023,Octubre,"10,804,776"
Morelos,31-33 Industrias manufactureras,2023,Noviembre,"10,548,727"
Morelos,31-33 Industrias manufactureras,2023,Diciembre,"9,268,153"
Nayarit,31-33 Industrias manufactureras,2018,Enero,"682,898"
Nayarit,31-33 Industrias manufactureras,2018,Febrero,"812,512"
Nayarit,31-33 Industrias manufactureras,2018,Marzo,"731,826"
Nayarit,31-33 Industrias manufactureras,2018,Abril,"646,606"
Nayarit,31-33 Industrias manufactureras,2018,Mayo,"725,701"
Nayarit,31-33 Industrias manufactureras,2018,Junio,"793,897"
Nayarit,31-33 Industrias manufactureras,2018,Julio,"826,638"
Nayarit,31-33 Industrias manufactureras,2018,Agosto,"802,855"
Nayarit,31-33 Industrias manufactureras,2018,Septiembre,"551,319"
Nayarit,31-33 Industrias manufactureras,2018,Octubre,"549,854"
Nayarit,31-33 Industrias manufactureras,2018,Noviembre,"562,382"
Nayarit,31-33 Industrias manufactureras,2018,Diciembre,"577,417"
Nayarit,31-33 Industrias manufactureras,2022,Enero,"903,031"
Nayarit,31-33 Industrias manufactureras,2022,Febrero,"919,995"
Nayarit,31-33 Industrias manufactureras,2022,Marzo,"1,032,676"
Nayarit,31-33 Industrias manufactureras,2022,Abril,"995,433"
Nayarit,31-33 Industrias manufactureras,2022,Mayo,"1,108,961"
Nayarit,31-33 Industrias manufactureras,2022,Junio,"1,033,203"
Nayarit,31-33 Industrias manufactureras,2022,Julio,"1,018,380"
Nayarit,31-33 Industrias manufactureras,2022,Agosto,"1,063,544"
Nayarit,31-33 Industrias manufactureras,2022,Septiembre,"1,157,767"
Nayarit,31-33 Industrias manufactureras,2022,Octubre,"868,494"
Nayarit,31-33 Industrias manufactureras,2022,Noviembre,"903,793"
Nayarit,31-33 Industrias manufactureras,2022,Diciembre,"894,000"
Nayarit,31-33 Industrias manufactureras,2023,Enero,"897,134"
Nayarit,31-33 Industrias manufactureras,2023,Febrero,"889,502"
Nayarit,31-33 Industrias manufactureras,2023,Marzo,"1,016,616"
Nayarit,31-33 Industrias manufactureras,2023,Abril,"982,334"
Nayarit,31-33 Industrias manufactureras,2023,Mayo,"1,040,726"
Nayarit,31-33 Industrias manufactureras,2023,Junio,"1,050,860"
Nayarit,31-33 Industrias manufactureras,2023,Julio,"1,025,076"
Nayarit,31-33 Industrias manufactureras,2023,Agosto,"1,054,301"
Nayarit,31-33 Industrias manufactureras,2023,Septiembre,"1,011,316"
Nayarit,31-33 Industrias manufactureras,2023,Octubre,"974,744"
Nayarit,31-33 Industrias manufactureras,2023,Noviembre,"973,242"
Nayarit,31-33 Industrias manufactureras,2023,Diciembre,"826,321"
Nuevo León,31-33 Industrias manufactureras,2018,Enero,"82,182,960"
Nuevo León,31-33 Industrias manufactureras,2018,Febrero,"74,910,355"
Nuevo León,31-33 Industrias manufactureras,2018,Marzo,"83,724,830"
Nuevo León,31-33 Industrias manufactureras,2018,Abril,"83,540,256"
Nuevo León,31-33 Industrias manufactureras,2018,Mayo,"89,397,964"
Nuevo León,31-33 Industrias manufactureras,2018,Junio,"89,578,748"
Nuevo León,31-33 Industrias manufactureras,2018,Julio,"87,486,054"
Nuevo León,31-33 Industrias manufactureras,2018,Agosto,"93,800,758"
Nuevo León,31-33 Industrias manufactureras,2018,Septiembre,"87,227,471"
Nuevo León,31-33 Industrias manufactureras,2018,Octubre,"92,591,862"
Nuevo León,31-33 Industrias manufactureras,2018,Noviembre,"90,153,457"
Nuevo León,31-33 Industrias manufactureras,2018,Diciembre,"80,827,902"
Nuevo León,31-33 Industrias manufactureras,2022,Enero,"113,804,867"
Nuevo León,31-33 Industrias manufactureras,2022,Febrero,"109,369,423"
Nuevo León,31-33 Industrias manufactureras,2022,Marzo,"126,720,351"
Nuevo León,31-33 Industrias manufactureras,2022,Abril,"119,227,601"
Nuevo León,31-33 Industrias manufactureras,2022,Mayo,"127,853,418"
Nuevo León,31-33 Industrias manufactureras,2022,Junio,"124,370,081"
Nuevo León,31-33 Industrias manufactureras,2022,Julio,"118,983,034"
Nuevo León,31-33 Industrias manufactureras,2022,Agosto,"120,791,821"
Nuevo León,31-33 Industrias manufactureras,2022,Septiembre,"117,559,039"
Nuevo León,31-33 Industrias manufactureras,2022,Octubre,"121,185,899"
Nuevo León,31-33 Industrias manufactureras,2022,Noviembre,"114,475,726"
Nuevo León,31-33 Industrias manufactureras,2022,Diciembre,"109,853,753"
Nuevo León,31-33 Industrias manufactureras,2023,Enero,"118,683,219"
Nuevo León,31-33 Industrias manufactureras,2023,Febrero,"108,345,533"
Nuevo León,31-33 Industrias manufactureras,2023,Marzo,"120,557,068"
Nuevo León,31-33 Industrias manufactureras,2023,Abril,"113,321,975"
Nuevo León,31-33 Industrias manufactureras,2023,Mayo,"117,464,158"
Nuevo León,31-33 Industrias manufactureras,2023,Junio,"115,498,198"
Nuevo León,31-33 Industrias manufactureras,2023,Julio,"109,249,176"
Nuevo León,31-33 Industrias manufactureras,2023,Agosto,"114,309,695"
Nuevo León,31-33 Industrias manufactureras,2023,Septiembre,"109,371,786"
Nuevo León,31-33 Industrias manufactureras,2023,Octubre,"113,246,105"
Nuevo León,31-33 Industrias manufactureras,2023,Noviembre,"110,259,908"
Nuevo León,31-33 Industrias manufactureras,2023,Diciembre,"105,939,826"
Oaxaca,31-33 Industrias manufactureras,2018,Enero,"8,334,656"
Oaxaca,31-33 Industrias manufactureras,2018,Febrero,"5,904,643"
Oaxaca,31-33 Industrias manufactureras,2018,Marzo,"7,591,494"
Oaxaca,31-33 Industrias manufactureras,2018,Abril,"11,247,508"
Oaxaca,31-33 Industrias manufactureras,2018,Mayo,"11,941,716"
Oaxaca,31-33 Industrias manufactureras,2018,Junio,"10,715,474"
Oaxaca,31-33 Industrias manufactureras,2018,Julio,"9,664,213"
Oaxaca,31-33 Industrias manufactureras,2018,Agosto,"8,541,106"
Oaxaca,31-33 Industrias manufactureras,2018,Septiembre,"7,526,733"
Oaxaca,31-33 Industrias manufactureras,2018,Octubre,"7,982,531"
Oaxaca,31-33 Industrias manufactureras,2018,Noviembre,"9,893,028"
Oaxaca,31-33 Industrias manufactureras,2018,Diciembre,"7,995,790"
Oaxaca,31-33 Industrias manufactureras,2022,Enero,"13,089,516"
Oaxaca,31-33 Industrias manufactureras,2022,Febrero,"12,442,849"
Oaxaca,31-33 Industrias manufactureras,2022,Marzo,"15,375,589"
Oaxaca,31-33 Industrias manufactureras,2022,Abril,"14,290,608"
Oaxaca,31-33 Industrias manufactureras,2022,Mayo,"15,754,163"
Oaxaca,31-33 Industrias manufactureras,2022,Junio,"9,433,572"
Oaxaca,31-33 Industrias manufactureras,2022,Julio,"14,638,058"
Oaxaca,31-33 Industrias manufactureras,2022,Agosto,"17,262,947"
Oaxaca,31-33 Industrias manufactureras,2022,Septiembre,"15,319,401"
Oaxaca,31-33 Industrias manufactureras,2022,Octubre,"12,104,697"
Oaxaca,31-33 Industrias manufactureras,2022,Noviembre,"11,207,564"
Oaxaca,31-33 Industrias manufactureras,2022,Diciembre,"12,428,180"
Oaxaca,31-33 Industrias manufactureras,2023,Enero,"10,604,731"
Oaxaca,31-33 Industrias manufactureras,2023,Febrero,"10,237,932"
Oaxaca,31-33 Industrias manufactureras,2023,Marzo,"11,896,584"
Oaxaca,31-33 Industrias manufactureras,2023,Abril,"11,181,850"
Oaxaca,31-33 Industrias manufactureras,2023,Mayo,"11,318,927"
Oaxaca,31-33 Industrias manufactureras,2023,Junio,"11,429,191"
Oaxaca,31-33 Industrias manufactureras,2023,Julio,"10,562,148"
Oaxaca,31-33 Industrias manufactureras,2023,Agosto,"14,249,233"
Oaxaca,31-33 Industrias manufactureras,2023,Septiembre,"14,141,172"
Oaxaca,31-33 Industrias manufactureras,2023,Octubre,"9,537,665"
Oaxaca,31-33 Industrias manufactureras,2023,Noviembre,"7,626,525"
Oaxaca,31-33 Industrias manufactureras,2023,Diciembre,"8,573,847"
Puebla,31-33 Industrias manufactureras,2018,Enero,"31,238,445"
Puebla,31-33 Industrias manufactureras,2018,Febrero,"38,489,876"
Puebla,31-33 Industrias manufactureras,2018,Marzo,"42,276,652"
Puebla,31-33 Industrias manufactureras,2018,Abril,"41,721,551"
Puebla,31-33 Industrias manufactureras,2018,Mayo,"40,487,911"
Puebla,31-33 Industrias manufactureras,2018,Junio,"42,467,186"
Puebla,31-33 Industrias manufactureras,2018,Julio,"43,571,600"
Puebla,31-33 Industrias manufactureras,2018,Agosto,"45,487,895"
Puebla,31-33 Industrias manufactureras,2018,Septiembre,"39,646,194"
Puebla,31-33 Industrias manufactureras,2018,Octubre,"38,081,654"
Puebla,31-33 Industrias manufactureras,2018,Noviembre,"41,500,517"
Puebla,31-33 Industrias manufactureras,2018,Diciembre,"41,267,249"
Puebla,31-33 Industrias manufactureras,2022,Enero,"38,597,090"
Puebla,31-33 Industrias manufactureras,2022,Febrero,"37,012,774"
Puebla,31-33 Industrias manufactureras,2022,Marzo,"48,726,383"
Puebla,31-33 Industrias manufactureras,2022,Abril,"50,390,516"
Puebla,31-33 Industrias manufactureras,2022,Mayo,"52,320,712"
Puebla,31-33 Industrias manufactureras,2022,Junio,"51,955,207"
Puebla,31-33 Industrias manufactureras,2022,Julio,"47,370,539"
Puebla,31-33 Industrias manufactureras,2022,Agosto,"59,531,298"
Puebla,31-33 Industrias manufactureras,2022,Septiembre,"55,066,416"
Puebla,31-33 Industrias manufactureras,2022,Octubre,"57,648,826"
Puebla,31-33 Industrias manufactureras,2022,Noviembre,"52,901,894"
Puebla,31-33 Industrias manufactureras,2022,Diciembre,"53,706,713"
Puebla,31-33 Industrias manufactureras,2023,Enero,"51,833,082"
Puebla,31-33 Industrias manufactureras,2023,Febrero,"44,551,492"
Puebla,31-33 Industrias manufactureras,2023,Marzo,"49,973,297"
Puebla,31-33 Industrias manufactureras,2023,Abril,"47,380,049"
Puebla,31-33 Industrias manufactureras,2023,Mayo,"49,602,370"
Puebla,31-33 Industrias manufactureras,2023,Junio,"50,735,697"
Puebla,31-33 Industrias manufactureras,2023,Julio,"51,938,925"
Puebla,31-33 Industrias manufactureras,2023,Agosto,"56,255,128"
Puebla,31-33 Industrias manufactureras,2023,Septiembre,"57,219,295"
Puebla,31-33 Industrias manufactureras,2023,Octubre,"60,284,063"
Puebla,31-33 Industrias manufactureras,2023,Noviembre,"57,701,471"
Puebla,31-33 Industrias manufactureras,2023,Diciembre,"49,421,685"
Querétaro,31-33 Industrias manufactureras,2018,Enero,"29,409,097"
Querétaro,31-33 Industrias manufactureras,2018,Febrero,"28,817,996"
Querétaro,31-33 Industrias manufactureras,2018,Marzo,"30,657,111"
Querétaro,31-33 Industrias manufactureras,2018,Abril,"30,930,504"
Querétaro,31-33 Industrias manufactureras,2018,Mayo,"33,634,835"
Querétaro,31-33 Industrias manufactureras,2018,Junio,"32,976,669"
Querétaro,31-33 Industrias manufactureras,2018,Julio,"30,947,166"
Querétaro,31-33 Industrias manufactureras,2018,Agosto,"33,782,105"
Querétaro,31-33 Industrias manufactureras,2018,Septiembre,"32,258,229"
Querétaro,31-33 Industrias manufactureras,2018,Octubre,"34,325,519"
Querétaro,31-33 Industrias manufactureras,2018,Noviembre,"33,689,426"
Querétaro,31-33 Industrias manufactureras,2018,Diciembre,"28,387,262"
Querétaro,31-33 Industrias manufactureras,2022,Enero,"38,121,706"
Querétaro,31-33 Industrias manufactureras,2022,Febrero,"38,213,556"
Querétaro,31-33 Industrias manufactureras,2022,Marzo,"44,106,924"
Querétaro,31-33 Industrias manufactureras,2022,Abril,"41,313,378"
Querétaro,31-33 Industrias manufactureras,2022,Mayo,"44,014,324"
Querétaro,31-33 Industrias manufactureras,2022,Junio,"43,689,336"
Querétaro,31-33 Industrias manufactureras,2022,Julio,"43,693,388"
Querétaro,31-33 Industrias manufactureras,2022,Agosto,"44,034,051"
Querétaro,31-33 Industrias manufactureras,2022,Septiembre,"43,459,341"
Querétaro,31-33 Industrias manufactureras,2022,Octubre,"42,119,412"
Querétaro,31-33 Industrias manufactureras,2022,Noviembre,"40,903,925"
Querétaro,31-33 Industrias manufactureras,2022,Diciembre,"37,635,020"
Querétaro,31-33 Industrias manufactureras,2023,Enero,"39,726,160"
Querétaro,31-33 Industrias manufactureras,2023,Febrero,"37,944,284"
Querétaro,31-33 Industrias manufactureras,2023,Marzo,"42,181,425"
Querétaro,31-33 Industrias manufactureras,2023,Abril,"37,486,068"
Querétaro,31-33 Industrias manufactureras,2023,Mayo,"40,914,882"
Querétaro,31-33 Industrias manufactureras,2023,Junio,"38,920,180"
Querétaro,31-33 Industrias manufactureras,2023,Julio,"37,939,120"
Querétaro,31-33 Industrias manufactureras,2023,Agosto,"39,510,109"
Querétaro,31-33 Industrias manufactureras,2023,Septiembre,"38,975,995"
Querétaro,31-33 Industrias manufactureras,2023,Octubre,"41,365,472"
Querétaro,31-33 Industrias manufactureras,2023,Noviembre,"38,001,593"
Querétaro,31-33 Industrias manufactureras,2023,Diciembre,"33,551,415"
Quintana Roo,31-33 Industrias manufactureras,2018,Enero,"359,668"
Quintana Roo,31-33 Industrias manufactureras,2018,Febrero,"344,618"
Quintana Roo,31-33 Industrias manufactureras,2018,Marzo,"393,916"
Quintana Roo,31-33 Industrias manufactureras,2018,Abril,"595,734"
Quintana Roo,31-33 Industrias manufactureras,2018,Mayo,"609,672"
Quintana Roo,31-33 Industrias manufactureras,2018,Junio,"427,162"
Quintana Roo,31-33 Industrias manufactureras,2018,Julio,"645,566"
Quintana Roo,31-33 Industrias manufactureras,2018,Agosto,"541,755"
Quintana Roo,31-33 Industrias manufactureras,2018,Septiembre,"375,361"
Quintana Roo,31-33 Industrias manufactureras,2018,Octubre,"537,302"
Quintana Roo,31-33 Industrias manufactureras,2018,Noviembre,"354,149"
Quintana Roo,31-33 Industrias manufactureras,2018,Diciembre,"394,896"
Quintana Roo,31-33 Industrias manufactureras,2022,Enero,"409,890"
Quintana Roo,31-33 Industrias manufactureras,2022,Febrero,"629,365"
Quintana Roo,31-33 Industrias manufactureras,2022,Marzo,"742,994"
Quintana Roo,31-33 Industrias manufactureras,2022,Abril,"627,778"
Quintana Roo,31-33 Industrias manufactureras,2022,Mayo,"540,020"
Quintana Roo,31-33 Industrias manufactureras,2022,Junio,"826,684"
Quintana Roo,31-33 Industrias manufactureras,2022,Julio,"497,816"
Quintana Roo,31-33 Industrias manufactureras,2022,Agosto,"524,292"
Quintana Roo,31-33 Industrias manufactureras,2022,Septiembre,"609,958"
Quintana Roo,31-33 Industrias manufactureras,2022,Octubre,"504,168"
Quintana Roo,31-33 Industrias manufactureras,2022,Noviembre,"892,116"
Quintana Roo,31-33 Industrias manufactureras,2022,Diciembre,"541,887"
Quintana Roo,31-33 Industrias manufactureras,2023,Enero,"494,902"
Quintana Roo,31-33 Industrias manufactureras,2023,Febrero,"621,120"
Quintana Roo,31-33 Industrias manufactureras,2023,Marzo,"587,259"
Quintana Roo,31-33 Industrias manufactureras,2023,Abril,"553,954"
Quintana Roo,31-33 Industrias manufactureras,2023,Mayo,"608,957"
Quintana Roo,31-33 Industrias manufactureras,2023,Junio,"632,624"
Quintana Roo,31-33 Industrias manufactureras,2023,Julio,"519,886"
Quintana Roo,31-33 Industrias manufactureras,2023,Agosto,"565,837"
Quintana Roo,31-33 Industrias manufactureras,2023,Septiembre,"548,964"
Quintana Roo,31-33 Industrias manufactureras,2023,Octubre,"542,058"
Quintana Roo,31-33 Industrias manufactureras,2023,Noviembre,"720,378"
Quintana Roo,31-33 Industrias manufactureras,2023,Diciembre,"648,461"
San Luis Potosí,31-33 Industrias manufactureras,2018,Enero,"32,227,247"
San Luis Potosí,31-33 Industrias manufactureras,2018,Febrero,"33,971,446"
San Luis Potosí,31-33 Industrias manufactureras,2018,Marzo,"37,352,095"
San Luis Potosí,31-33 Industrias manufactureras,2018,Abril,"39,367,515"
San Luis Potosí,31-33 Industrias manufactureras,2018,Mayo,"35,911,241"
San Luis Potosí,31-33 Industrias manufactureras,2018,Junio,"33,469,370"
San Luis Potosí,31-33 Industrias manufactureras,2018,Julio,"31,343,828"
San Luis Potosí,31-33 Industrias manufactureras,2018,Agosto,"37,270,672"
San Luis Potosí,31-33 Industrias manufactureras,2018,Septiembre,"35,021,890"
San Luis Potosí,31-33 Industrias manufactureras,2018,Octubre,"36,644,044"
San Luis Potosí,31-33 Industrias manufactureras,2018,Noviembre,"38,606,971"
San Luis Potosí,31-33 Industrias manufactureras,2018,Diciembre,"27,556,622"
San Luis Potosí,31-33 Industrias manufactureras,2022,Enero,"38,834,199"
San Luis Potosí,31-33 Industrias manufactureras,2022,Febrero,"35,942,780"
San Luis Potosí,31-33 Industrias manufactureras,2022,Marzo,"41,796,436"
San Luis Potosí,31-33 Industrias manufactureras,2022,Abril,"42,554,494"
San Luis Potosí,31-33 Industrias manufactureras,2022,Mayo,"42,296,600"
San Luis Potosí,31-33 Industrias manufactureras,2022,Junio,"37,867,381"
San Luis Potosí,31-33 Industrias manufactureras,2022,Julio,"35,950,313"
San Luis Potosí,31-33 Industrias manufactureras,2022,Agosto,"38,684,978"
San Luis Potosí,31-33 Industrias manufactureras,2022,Septiembre,"38,341,035"
San Luis Potosí,31-33 Industrias manufactureras,2022,Octubre,"41,950,544"
San Luis Potosí,31-33 Industrias manufactureras,2022,Noviembre,"39,349,338"
San Luis Potosí,31-33 Industrias manufactureras,2022,Diciembre,"44,086,528"
San Luis Potosí,31-33 Industrias manufactureras,2023,Enero,"39,159,247"
San Luis Potosí,31-33 Industrias manufactureras,2023,Febrero,"38,071,230"
San Luis Potosí,31-33 Industrias manufactureras,2023,Marzo,"41,744,723"
San Luis Potosí,31-33 Industrias manufactureras,2023,Abril,"39,387,120"
San Luis Potosí,31-33 Industrias manufactureras,2023,Mayo,"42,416,443"
San Luis Potosí,31-33 Industrias manufactureras,2023,Junio,"47,784,983"
San Luis Potosí,31-33 Industrias manufactureras,2023,Julio,"41,001,883"
San Luis Potosí,31-33 Industrias manufactureras,2023,Agosto,"48,045,537"
San Luis Potosí,31-33 Industrias manufactureras,2023,Septiembre,"46,082,791"
San Luis Potosí,31-33 Industrias manufactureras,2023,Octubre,"50,002,031"
San Luis Potosí,31-33 Industrias manufactureras,2023,Noviembre,"43,914,966"
San Luis Potosí,31-33 Industrias manufactureras,2023,Diciembre,"38,471,195"
Sinaloa,31-33 Industrias manufactureras,2018,Enero,"4,024,206"
Sinaloa,31-33 Industrias manufactureras,2018,Febrero,"3,968,104"
Sinaloa,31-33 Industrias manufactureras,2018,Marzo,"4,301,477"
Sinaloa,31-33 Industrias manufactureras,2018,Abril,"4,404,970"
Sinaloa,31-33 Industrias manufactureras,2018,Mayo,"4,222,969"
Sinaloa,31-33 Industrias manufactureras,2018,Junio,"4,199,492"
Sinaloa,31-33 Industrias manufactureras,2018,Julio,"4,143,083"
Sinaloa,31-33 Industrias manufactureras,2018,Agosto,"3,974,195"
Sinaloa,31-33 Industrias manufactureras,2018,Septiembre,"3,589,397"
Sinaloa,31-33 Industrias manufactureras,2018,Octubre,"3,997,511"
Sinaloa,31-33 Industrias manufactureras,2018,Noviembre,"3,847,975"
Sinaloa,31-33 Industrias manufactureras,2018,Diciembre,"3,557,146"
Sinaloa,31-33 Industrias manufactureras,2022,Enero,"5,112,904"
Sinaloa,31-33 Industrias manufactureras,2022,Febrero,"5,069,103"
Sinaloa,31-33 Industrias manufactureras,2022,Marzo,"5,601,830"
Sinaloa,31-33 Industrias manufactureras,2022,Abril,"5,675,013"
Sinaloa,31-33 Industrias manufactureras,2022,Mayo,"5,805,310"
Sinaloa,31-33 Industrias manufactureras,2022,Junio,"5,561,605"
Sinaloa,31-33 Industrias manufactureras,2022,Julio,"5,553,017"
Sinaloa,31-33 Industrias manufactureras,2022,Agosto,"5,626,943"
Sinaloa,31-33 Industrias manufactureras,2022,Septiembre,"5,200,566"
Sinaloa,31-33 Industrias manufactureras,2022,Octubre,"5,298,511"
Sinaloa,31-33 Industrias manufactureras,2022,Noviembre,"5,156,267"
Sinaloa,31-33 Industrias manufactureras,2022,Diciembre,"5,333,869"
Sinaloa,31-33 Industrias manufactureras,2023,Enero,"5,319,036"
Sinaloa,31-33 Industrias manufactureras,2023,Febrero,"5,249,834"
Sinaloa,31-33 Industrias manufactureras,2023,Marzo,"5,702,476"
Sinaloa,31-33 Industrias manufactureras,2023,Abril,"5,535,023"
Sinaloa,31-33 Industrias manufactureras,2023,Mayo,"5,976,308"
Sinaloa,31-33 Industrias manufactureras,2023,Junio,"5,873,418"
Sinaloa,31-33 Industrias manufactureras,2023,Julio,"5,744,998"
Sinaloa,31-33 Industrias manufactureras,2023,Agosto,"5,410,568"
Sinaloa,31-33 Industrias manufactureras,2023,Septiembre,"5,286,618"
Sinaloa,31-33 Industrias manufactureras,2023,Octubre,"5,424,968"
Sinaloa,31-33 Industrias manufactureras,2023,Noviembre,"5,355,292"
Sinaloa,31-33 Industrias manufactureras,2023,Diciembre,"5,160,357"
Sonora,31-33 Industrias manufactureras,2018,Enero,"19,075,310"
Sonora,31-33 Industrias manufactureras,2018,Febrero,"19,283,375"
Sonora,31-33 Industrias manufactureras,2018,Marzo,"22,441,880"
Sonora,31-33 Industrias manufactureras,2018,Abril,"17,385,737"
Sonora,31-33 Industrias manufactureras,2018,Mayo,"19,271,230"
Sonora,31-33 Industrias manufactureras,2018,Junio,"20,292,469"
Sonora,31-33 Industrias manufactureras,2018,Julio,"15,452,903"
Sonora,31-33 Industrias manufactureras,2018,Agosto,"17,968,355"
Sonora,31-33 Industrias manufactureras,2018,Septiembre,"19,328,969"
Sonora,31-33 Industrias manufactureras,2018,Octubre,"20,562,151"
Sonora,31-33 Industrias manufactureras,2018,Noviembre,"20,368,754"
Sonora,31-33 Industrias manufactureras,2018,Diciembre,"18,752,327"
Sonora,31-33 Industrias manufactureras,2022,Enero,"25,771,646"
Sonora,31-33 Industrias manufactureras,2022,Febrero,"25,984,129"
Sonora,31-33 Industrias manufactureras,2022,Marzo,"30,650,687"
Sonora,31-33 Industrias manufactureras,2022,Abril,"34,324,455"
Sonora,31-33 Industrias manufactureras,2022,Mayo,"26,450,169"
Sonora,31-33 Industrias manufactureras,2022,Junio,"26,712,493"
Sonora,31-33 Industrias manufactureras,2022,Julio,"21,786,946"
Sonora,31-33 Industrias manufactureras,2022,Agosto,"29,030,012"
Sonora,31-33 Industrias manufactureras,2022,Septiembre,"27,937,916"
Sonora,31-33 Industrias manufactureras,2022,Octubre,"27,999,222"
Sonora,31-33 Industrias manufactureras,2022,Noviembre,"30,336,380"
Sonora,31-33 Industrias manufactureras,2022,Diciembre,"29,303,183"
Sonora,31-33 Industrias manufactureras,2023,Enero,"31,140,834"
Sonora,31-33 Industrias manufactureras,2023,Febrero,"28,500,380"
Sonora,31-33 Industrias manufactureras,2023,Marzo,"31,737,652"
Sonora,31-33 Industrias manufactureras,2023,Abril,"26,086,265"
Sonora,31-33 Industrias manufactureras,2023,Mayo,"31,145,130"
Sonora,31-33 Industrias manufactureras,2023,Junio,"28,576,258"
Sonora,31-33 Industrias manufactureras,2023,Julio,"32,088,503"
Sonora,31-33 Industrias manufactureras,2023,Agosto,"29,597,919"
Sonora,31-33 Industrias manufactureras,2023,Septiembre,"32,164,798"
Sonora,31-33 Industrias manufactureras,2023,Octubre,"32,984,013"
Sonora,31-33 Industrias manufactureras,2023,Noviembre,"27,248,807"
Sonora,31-33 Industrias manufactureras,2023,Diciembre,"32,382,751"
Tabasco,31-33 Industrias manufactureras,2018,Enero,"5,334,466"
Tabasco,31-33 Industrias manufactureras,2018,Febrero,"5,284,802"
Tabasco,31-33 Industrias manufactureras,2018,Marzo,"6,417,601"
Tabasco,31-33 Industrias manufactureras,2018,Abril,"5,511,741"
Tabasco,31-33 Industrias manufactureras,2018,Mayo,"5,269,601"
Tabasco,31-33 Industrias manufactureras,2018,Junio,"4,789,494"
Tabasco,31-33 Industrias manufactureras,2018,Julio,"5,271,955"
Tabasco,31-33 Industrias manufactureras,2018,Agosto,"4,811,272"
Tabasco,31-33 Industrias manufactureras,2018,Septiembre,"5,200,148"
Tabasco,31-33 Industrias manufactureras,2018,Octubre,"5,208,695"
Tabasco,31-33 Industrias manufactureras,2018,Noviembre,"4,997,778"
Tabasco,31-33 Industrias manufactureras,2018,Diciembre,"6,422,081"
Tabasco,31-33 Industrias manufactureras,2022,Enero,"8,846,527"
Tabasco,31-33 Industrias manufactureras,2022,Febrero,"8,595,048"
Tabasco,31-33 Industrias manufactureras,2022,Marzo,"7,581,500"
Tabasco,31-33 Industrias manufactureras,2022,Abril,"8,789,750"
Tabasco,31-33 Industrias manufactureras,2022,Mayo,"10,410,481"
Tabasco,31-33 Industrias manufactureras,2022,Junio,"11,237,875"
Tabasco,31-33 Industrias manufactureras,2022,Julio,"10,026,928"
Tabasco,31-33 Industrias manufactureras,2022,Agosto,"10,846,209"
Tabasco,31-33 Industrias manufactureras,2022,Septiembre,"10,800,342"
Tabasco,31-33 Industrias manufactureras,2022,Octubre,"10,822,915"
Tabasco,31-33 Industrias manufactureras,2022,Noviembre,"9,522,598"
Tabasco,31-33 Industrias manufactureras,2022,Diciembre,"8,300,229"
Tabasco,31-33 Industrias manufactureras,2023,Enero,"9,504,939"
Tabasco,31-33 Industrias manufactureras,2023,Febrero,"8,916,165"
Tabasco,31-33 Industrias manufactureras,2023,Marzo,"8,579,338"
Tabasco,31-33 Industrias manufactureras,2023,Abril,"8,206,176"
Tabasco,31-33 Industrias manufactureras,2023,Mayo,"8,736,333"
Tabasco,31-33 Industrias manufactureras,2023,Junio,"8,335,827"
Tabasco,31-33 Industrias manufactureras,2023,Julio,"6,814,774"
Tabasco,31-33 Industrias manufactureras,2023,Agosto,"7,208,165"
Tabasco,31-33 Industrias manufactureras,2023,Septiembre,"7,435,493"
Tabasco,31-33 Industrias manufactureras,2023,Octubre,"7,950,640"
Tabasco,31-33 Industrias manufactureras,2023,Noviembre,"7,820,992"
Tabasco,31-33 Industrias manufactureras,2023,Diciembre,"8,271,741"
Tamaulipas,31-33 Industrias manufactureras,2018,Enero,"13,664,176"
Tamaulipas,31-33 Industrias manufactureras,2018,Febrero,"13,833,970"
Tamaulipas,31-33 Industrias manufactureras,2018,Marzo,"16,565,351"
Tamaulipas,31-33 Industrias manufactureras,2018,Abril,"16,874,189"
Tamaulipas,31-33 Industrias manufactureras,2018,Mayo,"16,468,386"
Tamaulipas,31-33 Industrias manufactureras,2018,Junio,"17,006,800"
Tamaulipas,31-33 Industrias manufactureras,2018,Julio,"14,574,500"
Tamaulipas,31-33 Industrias manufactureras,2018,Agosto,"13,507,852"
Tamaulipas,31-33 Industrias manufactureras,2018,Septiembre,"13,647,461"
Tamaulipas,31-33 Industrias manufactureras,2018,Octubre,"15,215,756"
Tamaulipas,31-33 Industrias manufactureras,2018,Noviembre,"14,512,727"
Tamaulipas,31-33 Industrias manufactureras,2018,Diciembre,"13,454,233"
Tamaulipas,31-33 Industrias manufactureras,2022,Enero,"23,257,377"
Tamaulipas,31-33 Industrias manufactureras,2022,Febrero,"22,406,060"
Tamaulipas,31-33 Industrias manufactureras,2022,Marzo,"25,438,910"
Tamaulipas,31-33 Industrias manufactureras,2022,Abril,"25,805,515"
Tamaulipas,31-33 Industrias manufactureras,2022,Mayo,"29,599,314"
Tamaulipas,31-33 Industrias manufactureras,2022,Junio,"28,901,341"
Tamaulipas,31-33 Industrias manufactureras,2022,Julio,"23,517,047"
Tamaulipas,31-33 Industrias manufactureras,2022,Agosto,"25,599,306"
Tamaulipas,31-33 Industrias manufactureras,2022,Septiembre,"26,952,007"
Tamaulipas,31-33 Industrias manufactureras,2022,Octubre,"24,353,594"
Tamaulipas,31-33 Industrias manufactureras,2022,Noviembre,"21,807,770"
Tamaulipas,31-33 Industrias manufactureras,2022,Diciembre,"21,634,414"
Tamaulipas,31-33 Industrias manufactureras,2023,Enero,"21,920,014"
Tamaulipas,31-33 Industrias manufactureras,2023,Febrero,"19,032,442"
Tamaulipas,31-33 Industrias manufactureras,2023,Marzo,"20,685,951"
Tamaulipas,31-33 Industrias manufactureras,2023,Abril,"21,138,991"
Tamaulipas,31-33 Industrias manufactureras,2023,Mayo,"19,214,865"
Tamaulipas,31-33 Industrias manufactureras,2023,Junio,"20,445,721"
Tamaulipas,31-33 Industrias manufactureras,2023,Julio,"20,995,847"
Tamaulipas,31-33 Industrias manufactureras,2023,Agosto,"22,077,128"
Tamaulipas,31-33 Industrias manufactureras,2023,Septiembre,"20,503,131"
Tamaulipas,31-33 Industrias manufactureras,2023,Octubre,"18,294,754"
Tamaulipas,31-33 Industrias manufactureras,2023,Noviembre,"17,841,477"
Tamaulipas,31-33 Industrias manufactureras,2023,Diciembre,"18,624,085"
Tlaxcala,31-33 Industrias manufactureras,2018,Enero,"6,015,105"
Tlaxcala,31-33 Industrias manufactureras,2018,Febrero,"6,291,818"
Tlaxcala,31-33 Industrias manufactureras,2018,Marzo,"6,223,599"
Tlaxcala,31-33 Industrias manufactureras,2018,Abril,"6,969,872"
Tlaxcala,31-33 Industrias manufactureras,2018,Mayo,"7,054,686"
Tlaxcala,31-33 Industrias manufactureras,2018,Junio,"6,459,353"
Tlaxcala,31-33 Industrias manufactureras,2018,Julio,"6,245,790"
Tlaxcala,31-33 Industrias manufactureras,2018,Agosto,"6,985,379"
Tlaxcala,31-33 Industrias manufactureras,2018,Septiembre,"6,132,656"
Tlaxcala,31-33 Industrias manufactureras,2018,Octubre,"6,896,054"
Tlaxcala,31-33 Industrias manufactureras,2018,Noviembre,"6,901,529"
Tlaxcala,31-33 Industrias manufactureras,2018,Diciembre,"6,427,516"
Tlaxcala,31-33 Industrias manufactureras,2022,Enero,"7,237,737"
Tlaxcala,31-33 Industrias manufactureras,2022,Febrero,"7,215,631"
Tlaxcala,31-33 Industrias manufactureras,2022,Marzo,"7,942,620"
Tlaxcala,31-33 Industrias manufactureras,2022,Abril,"8,388,894"
Tlaxcala,31-33 Industrias manufactureras,2022,Mayo,"8,276,811"
Tlaxcala,31-33 Industrias manufactureras,2022,Junio,"7,669,228"
Tlaxcala,31-33 Industrias manufactureras,2022,Julio,"7,433,353"
Tlaxcala,31-33 Industrias manufactureras,2022,Agosto,"7,881,358"
Tlaxcala,31-33 Industrias manufactureras,2022,Septiembre,"7,141,156"
Tlaxcala,31-33 Industrias manufactureras,2022,Octubre,"7,638,368"
Tlaxcala,31-33 Industrias manufactureras,2022,Noviembre,"8,061,182"
Tlaxcala,31-33 Industrias manufactureras,2022,Diciembre,"7,100,000"
Tlaxcala,31-33 Industrias manufactureras,2023,Enero,"7,245,312"
Tlaxcala,31-33 Industrias manufactureras,2023,Febrero,"7,154,733"
Tlaxcala,31-33 Industrias manufactureras,2023,Marzo,"8,257,093"
Tlaxcala,31-33 Industrias manufactureras,2023,Abril,"7,720,852"
Tlaxcala,31-33 Industrias manufactureras,2023,Mayo,"8,736,963"
Tlaxcala,31-33 Industrias manufactureras,2023,Junio,"8,100,130"
Tlaxcala,31-33 Industrias manufactureras,2023,Julio,"7,673,187"
Tlaxcala,31-33 Industrias manufactureras,2023,Agosto,"7,742,466"
Tlaxcala,31-33 Industrias manufactureras,2023,Septiembre,"7,789,187"
Tlaxcala,31-33 Industrias manufactureras,2023,Octubre,"7,854,688"
Tlaxcala,31-33 Industrias manufactureras,2023,Noviembre,"7,651,998"
Tlaxcala,31-33 Industrias manufactureras,2023,Diciembre,"7,161,051"
Veracruz de Ignacio de la Llave,31-33 Industrias manufactureras,2018,Enero,"22,224,751"
Veracruz de Ignacio de la Llave,31-33 Industrias manufactureras,2018,Febrero,"22,831,099"
Veracruz de Ignacio de la Llave,31-33 Industrias manufactureras,2018,Marzo,"25,634,748"
Veracruz de Ignacio de la Llave,31-33 Industrias manufactureras,2018,Abril,"25,848,064"
Veracruz de Ignacio de la Llave,31-33 Industrias manufactureras,2018,Mayo,"28,684,766"
Veracruz de Ignacio de la Llave,31-33 Industrias manufactureras,2018,Junio,"25,923,368"
Veracruz de Ignacio de la Llave,31-33 Industrias manufactureras,2018,Julio,"25,029,858"
Veracruz de Ignacio de la Llave,31-33 Industrias manufactureras,2018,Agosto,"29,538,742"
Veracruz de Ignacio de la Llave,31-33 Industrias manufactureras,2018,Septiembre,"27,296,404"
Veracruz de Ignacio de la Llave,31-33 Industrias manufactureras,2018,Octubre,"24,618,825"
Veracruz de Ignacio de la Llave,31-33 Industrias manufactureras,2018,Noviembre,"23,870,407"
Veracruz de Ignacio de la Llave,31-33 Industrias manufactureras,2018,Diciembre,"24,174,027"
Veracruz de Ignacio de la Llave,31-33 Industrias manufactureras,2022,Enero,"33,517,142"
Veracruz de Ignacio de la Llave,31-33 Industrias manufactureras,2022,Febrero,"37,118,056"
Veracruz de Ignacio de la Llave,31-33 Industrias manufactureras,2022,Marzo,"41,718,657"
Veracruz de Ignacio de la Llave,31-33 Industrias manufactureras,2022,Abril,"42,491,432"
Veracruz de Ignacio de la Llave,31-33 Industrias manufactureras,2022,Mayo,"41,045,771"
Veracruz de Ignacio de la Llave,31-33 Industrias manufactureras,2022,Junio,"37,636,851"
Veracruz de Ignacio de la Llave,31-33 Industrias manufactureras,2022,Julio,"41,506,549"
Veracruz de Ignacio de la Llave,31-33 Industrias manufactureras,2022,Agosto,"41,281,381"
Veracruz de Ignacio de la Llave,31-33 Industrias manufactureras,2022,Septiembre,"35,462,144"
Veracruz de Ignacio de la Llave,31-33 Industrias manufactureras,2022,Octubre,"34,548,900"
Veracruz de Ignacio de la Llave,31-33 Industrias manufactureras,2022,Noviembre,"37,041,511"
Veracruz de Ignacio de la Llave,31-33 Industrias manufactureras,2022,Diciembre,"33,433,486"
Veracruz de Ignacio de la Llave,31-33 Industrias manufactureras,2023,Enero,"38,315,168"
Veracruz de Ignacio de la Llave,31-33 Industrias manufactureras,2023,Febrero,"35,462,135"
Veracruz de Ignacio de la Llave,31-33 Industrias manufactureras,2023,Marzo,"36,124,696"
Veracruz de Ignacio de la Llave,31-33 Industrias manufactureras,2023,Abril,"37,554,747"
Veracruz de Ignacio de la Llave,31-33 Industrias manufactureras,2023,Mayo,"37,295,545"
Veracruz de Ignacio de la Llave,31-33 Industrias manufactureras,2023,Junio,"33,675,966"
Veracruz de Ignacio de la Llave,31-33 Industrias manufactureras,2023,Julio,"35,575,732"
Veracruz de Ignacio de la Llave,31-33 Industrias manufactureras,2023,Agosto,"33,156,733"
Veracruz de Ignacio de la Llave,31-33 Industrias manufactureras,2023,Septiembre,"30,848,894"
Veracruz de Ignacio de la Llave,31-33 Industrias manufactureras,2023,Octubre,"32,435,221"
Veracruz de Ignacio de la Llave,31-33 Industrias manufactureras,2023,Noviembre,"34,050,075"
Veracruz de Ignacio de la Llave,31-33 Industrias manufactureras,2023,Diciembre,"35,193,088"
Yucatán,31-33 Industrias manufactureras,2018,Enero,"4,863,115"
Yucatán,31-33 Industrias manufactureras,2018,Febrero,"4,576,159"
Yucatán,31-33 Industrias manufactureras,2018,Marzo,"5,024,768"
Yucatán,31-33 Industrias manufactureras,2018,Abril,"4,999,584"
Yucatán,31-33 Industrias manufactureras,2018,Mayo,"5,404,120"
Yucatán,31-33 Industrias manufactureras,2018,Junio,"5,375,949"
Yucatán,31-33 Industrias manufactureras,2018,Julio,"5,321,912"
Yucatán,31-33 Industrias manufactureras,2018,Agosto,"5,808,885"
Yucatán,31-33 Industrias manufactureras,2018,Septiembre,"5,467,715"
Yucatán,31-33 Industrias manufactureras,2018,Octubre,"5,528,369"
Yucatán,31-33 Industrias manufactureras,2018,Noviembre,"5,560,618"
Yucatán,31-33 Industrias manufactureras,2018,Diciembre,"5,557,640"
Yucatán,31-33 Industrias manufactureras,2022,Enero,"6,750,645"
Yucatán,31-33 Industrias manufactureras,2022,Febrero,"6,701,193"
Yucatán,31-33 Industrias manufactureras,2022,Marzo,"7,271,335"
Yucatán,31-33 Industrias manufactureras,2022,Abril,"7,180,005"
Yucatán,31-33 Industrias manufactureras,2022,Mayo,"7,302,507"
Yucatán,31-33 Industrias manufactureras,2022,Junio,"7,494,851"
Yucatán,31-33 Industrias manufactureras,2022,Julio,"7,506,784"
Yucatán,31-33 Industrias manufactureras,2022,Agosto,"7,209,771"
Yucatán,31-33 Industrias manufactureras,2022,Septiembre,"7,570,989"
Yucatán,31-33 Industrias manufactureras,2022,Octubre,"7,378,325"
Yucatán,31-33 Industrias manufactureras,2022,Noviembre,"7,882,791"
Yucatán,31-33 Industrias manufactureras,2022,Diciembre,"7,459,201"
Yucatán,31-33 Industrias manufactureras,2023,Enero,"6,633,005"
Yucatán,31-33 Industrias manufactureras,2023,Febrero,"6,335,312"
Yucatán,31-33 Industrias manufactureras,2023,Marzo,"7,021,624"
Yucatán,31-33 Industrias manufactureras,2023,Abril,"6,592,024"
Yucatán,31-33 Industrias manufactureras,2023,Mayo,"6,753,964"
Yucatán,31-33 Industrias manufactureras,2023,Junio,"6,680,798"
Yucatán,31-33 Industrias manufactureras,2023,Julio,"6,880,752"
Yucatán,31-33 Industrias manufactureras,2023,Agosto,"6,750,587"
Yucatán,31-33 Industrias manufactureras,2023,Septiembre,"6,521,184"
Yucatán,31-33 Industrias manufactureras,2023,Octubre,"6,527,327"
Yucatán,31-33 Industrias manufactureras,2023,Noviembre,"6,740,741"
Yucatán,31-33 Industrias manufactureras,2023,Diciembre,"6,684,946"
Zacatecas,31-33 Industrias manufactureras,2018,Enero,"3,558,137"
Zacatecas,31-33 Industrias manufactureras,2018,Febrero,"3,150,788"
Zacatecas,31-33 Industrias manufactureras,2018,Marzo,"3,412,026"
Zacatecas,31-33 Industrias manufactureras,2018,Abril,"3,261,642"
Zacatecas,31-33 Industrias manufactureras,2018,Mayo,"3,297,675"
Zacatecas,31-33 Industrias manufactureras,2018,Junio,"3,446,690"
Zacatecas,31-33 Industrias manufactureras,2018,Julio,"3,262,077"
Zacatecas,31-33 Industrias manufactureras,2018,Agosto,"3,252,116"
Zacatecas,31-33 Industrias manufactureras,2018,Septiembre,"3,115,428"
Zacatecas,31-33 Industrias manufactureras,2018,Octubre,"3,411,549"
Zacatecas,31-33 Industrias manufactureras,2018,Noviembre,"3,191,673"
Zacatecas,31-33 Industrias manufactureras,2018,Diciembre,"3,034,941"
Zacatecas,31-33 Industrias manufactureras,2022,Enero,"3,498,497"
Zacatecas,31-33 Industrias manufactureras,2022,Febrero,"3,310,247"
Zacatecas,31-33 Industrias manufactureras,2022,Marzo,"3,822,271"
Zacatecas,31-33 Industrias manufactureras,2022,Abril,"3,598,394"
Zacatecas,31-33 Industrias manufactureras,2022,Mayo,"3,659,591"
Zacatecas,31-33 Industrias manufactureras,2022,Junio,"3,781,487"
Zacatecas,31-33 Industrias manufactureras,2022,Julio,"3,723,075"
Zacatecas,31-33 Industrias manufactureras,2022,Agosto,"3,892,302"
Zacatecas,31-33 Industrias manufactureras,2022,Septiembre,"3,887,307"
Zacatecas,31-33 Industrias manufactureras,2022,Octubre,"3,989,750"
Zacatecas,31-33 Industrias manufactureras,2022,Noviembre,"3,730,452"
Zacatecas,31-33 Industrias manufactureras,2022,Diciembre,"3,706,667"
Zacatecas,31-33 Industrias manufactureras,2023,Enero,"3,639,840"
Zacatecas,31-33 Industrias manufactureras,2023,Febrero,"3,395,962"
Zacatecas,31-33 Industrias manufactureras,2023,Marzo,"4,001,581"
Zacatecas,31-33 Industrias manufactureras,2023,Abril,"3,925,662"
Zacatecas,31-33 Industrias manufactureras,2023,Mayo,"3,575,042"
Zacatecas,31-33 Industrias manufactureras,2023,Junio,"3,610,125"
Zacatecas,31-33 Industrias manufactureras,2023,Julio,"3,497,108"
Zacatecas,31-33 Industrias manufactureras,2023,Agosto,"3,935,869"
Zacatecas,31-33 Industrias manufactureras,2023,Septiembre,"4,050,753"
Zacatecas,31-33 Industrias manufactureras,2023,Octubre,"4,123,356"
Zacatecas,31-33 Industrias manufactureras,2023,Noviembre,"3,922,255"
Zacatecas,31-33 Industrias manufactureras,2023,Diciembre,"3,533,734"
