Entidad,tipo_de_dato,Sector,oct_22,nov_22,oct_23,nov_23
Aguascalientes,Índice,51 Información en medios masivos,95.7,98.3,117.8,109.8
Aguascalientes,Índice,53 Servicios inmobiliarios y de alquiler de bienes muebles e intangibles,ND,ND,ND,ND
Aguascalientes,Índice,"54 Servicios profesionales, científicos y técnicos",ND,ND,ND,ND
Aguascalientes,Índice,61 Servicios educativos,ND,ND,ND,ND
Aguascalientes,Índice,62 Servicios de salud y de asistencia social,ND,ND,ND,ND
Aguascalientes,Índice,"71 Servicios de esparcimiento culturales y deportivos, y otros servicios recreativos",ND,ND,ND,ND
Aguascalientes,Índice,72 Servicios de alojamiento temporal y de preparación de alimentos y bebidas,101.8,102.5,120.6,123.9
Aguascalientes,Variación anual del índice,51 Información en medios masivos,10.2,12.1,23.1,11.7
Aguascalientes,Variación anual del índice,53 Servicios inmobiliarios y de alquiler de bienes muebles e intangibles,ND,ND,ND,ND
Aguascalientes,Variación anual del índice,"54 Servicios profesionales, científicos y técnicos",ND,ND,ND,ND
Aguascalientes,Variación anual del índice,61 Servicios educativos,ND,ND,ND,ND
Aguascalientes,Variación anual del índice,62 Servicios de salud y de asistencia social,ND,ND,ND,ND
Aguascalientes,Variación anual del índice,"71 Servicios de esparcimiento culturales y deportivos, y otros servicios recreativos",ND,ND,ND,ND
Aguascalientes,Variación anual del índice,72 Servicios de alojamiento temporal y de preparación de alimentos y bebidas,-2.5,-18.5,18.5,20.9
Baja California,Índice,51 Información en medios masivos,96.6,98.8,110.5,124.3
Baja California,Índice,53 Servicios inmobiliarios y de alquiler de bienes muebles e intangibles,ND,ND,ND,ND
Baja California,Índice,"54 Servicios profesionales, científicos y técnicos",ND,ND,ND,ND
Baja California,Índice,61 Servicios educativos,ND,ND,ND,ND
Baja California,Índice,62 Servicios de salud y de asistencia social,91.3,90.9,73.3,64.1
Baja California,Índice,"71 Servicios de esparcimiento culturales y deportivos, y otros servicios recreativos",ND,ND,ND,ND
Baja California,Índice,72 Servicios de alojamiento temporal y de preparación de alimentos y bebidas,113.6,112.2,82.6,86.0
Baja California,Variación anual del índice,51 Información en medios masivos,19.3,31.1,14.4,25.9
Baja California,Variación anual del índice,53 Servicios inmobiliarios y de alquiler de bienes muebles e intangibles,ND,ND,ND,ND
Baja California,Variación anual del índice,"54 Servicios profesionales, científicos y técnicos",ND,ND,ND,ND
Baja California,Variación anual del índice,61 Servicios educativos,ND,ND,ND,ND
Baja California,Variación anual del índice,62 Servicios de salud y de asistencia social,9.2,10.7,-19.7,-29.4
Baja California,Variación anual del índice,"71 Servicios de esparcimiento culturales y deportivos, y otros servicios recreativos",ND,ND,ND,ND
Baja California,Variación anual del índice,72 Servicios de alojamiento temporal y de preparación de alimentos y bebidas,25.4,34.1,-27.3,-23.3
Baja California Sur,Índice,51 Información en medios masivos,50.9,76.2,63.9,60.1
Baja California Sur,Índice,53 Servicios inmobiliarios y de alquiler de bienes muebles e intangibles,ND,ND,ND,ND
Baja California Sur,Índice,"54 Servicios profesionales, científicos y técnicos",ND,ND,ND,ND
Baja California Sur,Índice,61 Servicios educativos,ND,ND,ND,ND
Baja California Sur,Índice,62 Servicios de salud y de asistencia social,ND,ND,ND,ND
Baja California Sur,Índice,"71 Servicios de esparcimiento culturales y deportivos, y otros servicios recreativos",ND,ND,ND,ND
Baja California Sur,Índice,72 Servicios de alojamiento temporal y de preparación de alimentos y bebidas,83.4,90.3,72.5,83.9
Baja California Sur,Variación anual del índice,51 Información en medios masivos,20.7,102.0,25.5,-21.1
Baja California Sur,Variación anual del índice,53 Servicios inmobiliarios y de alquiler de bienes muebles e intangibles,ND,ND,ND,ND
Baja California Sur,Variación anual del índice,"54 Servicios profesionales, científicos y técnicos",ND,ND,ND,ND
Baja California Sur,Variación anual del índice,61 Servicios educativos,ND,ND,ND,ND
Baja California Sur,Variación anual del índice,62 Servicios de salud y de asistencia social,ND,ND,ND,ND
Baja California Sur,Variación anual del índice,"71 Servicios de esparcimiento culturales y deportivos, y otros servicios recreativos",ND,ND,ND,ND
Baja California Sur,Variación anual del índice,72 Servicios de alojamiento temporal y de preparación de alimentos y bebidas,-6.0,-6.5,-13.0,-7.1
Campeche,Índice,51 Información en medios masivos,92.3,102.9,98.2,99.8
Campeche,Índice,53 Servicios inmobiliarios y de alquiler de bienes muebles e intangibles,93.2,107.1,84.9,82.9
Campeche,Índice,"54 Servicios profesionales, científicos y técnicos",ND,ND,ND,ND
Campeche,Índice,61 Servicios educativos,ND,ND,ND,ND
Campeche,Índice,62 Servicios de salud y de asistencia social,ND,ND,ND,ND
Campeche,Índice,"71 Servicios de esparcimiento culturales y deportivos, y otros servicios recreativos",ND,ND,ND,ND
Campeche,Índice,72 Servicios de alojamiento temporal y de preparación de alimentos y bebidas,77.4,79.8,71.5,73.3
Campeche,Variación anual del índice,51 Información en medios masivos,14.9,28.3,6.4,-3.0
Campeche,Variación anual del índice,53 Servicios inmobiliarios y de alquiler de bienes muebles e intangibles,20.9,43.4,-9.0,-22.6
Campeche,Variación anual del índice,"54 Servicios profesionales, científicos y técnicos",ND,ND,ND,ND
Campeche,Variación anual del índice,61 Servicios educativos,ND,ND,ND,ND
Campeche,Variación anual del índice,62 Servicios de salud y de asistencia social,ND,ND,ND,ND
Campeche,Variación anual del índice,"71 Servicios de esparcimiento culturales y deportivos, y otros servicios recreativos",ND,ND,ND,ND
Campeche,Variación anual del índice,72 Servicios de alojamiento temporal y de preparación de alimentos y bebidas,-1.2,-8.3,-7.6,-8.2
Coahuila de Zaragoza,Índice,51 Información en medios masivos,67.8,74.6,72.0,77.1
Coahuila de Zaragoza,Índice,53 Servicios inmobiliarios y de alquiler de bienes muebles e intangibles,ND,ND,ND,ND
Coahuila de Zaragoza,Índice,"54 Servicios profesionales, científicos y técnicos",ND,ND,ND,ND
Coahuila de Zaragoza,Índice,61 Servicios educativos,ND,ND,ND,ND
Coahuila de Zaragoza,Índice,62 Servicios de salud y de asistencia social,ND,ND,ND,ND
Coahuila de Zaragoza,Índice,"71 Servicios de esparcimiento culturales y deportivos, y otros servicios recreativos",ND,ND,ND,ND
Coahuila de Zaragoza,Índice,72 Servicios de alojamiento temporal y de preparación de alimentos y bebidas,95.6,95.9,121.9,121.6
Coahuila de Zaragoza,Variación anual del índice,51 Información en medios masivos,24.1,40.0,6.2,3.3
Coahuila de Zaragoza,Variación anual del índice,53 Servicios inmobiliarios y de alquiler de bienes muebles e intangibles,ND,ND,ND,ND
Coahuila de Zaragoza,Variación anual del índice,"54 Servicios profesionales, científicos y técnicos",ND,ND,ND,ND
Coahuila de Zaragoza,Variación anual del índice,61 Servicios educativos,ND,ND,ND,ND
Coahuila de Zaragoza,Variación anual del índice,62 Servicios de salud y de asistencia social,ND,ND,ND,ND
Coahuila de Zaragoza,Variación anual del índice,"71 Servicios de esparcimiento culturales y deportivos, y otros servicios recreativos",ND,ND,ND,ND
Coahuila de Zaragoza,Variación anual del índice,72 Servicios de alojamiento temporal y de preparación de alimentos y bebidas,17.5,-3.8,27.5,26.8
Colima,Índice,51 Información en medios masivos,47.4,58.4,60.9,55.2
Colima,Índice,53 Servicios inmobiliarios y de alquiler de bienes muebles e intangibles,ND,ND,ND,ND
Colima,Índice,"54 Servicios profesionales, científicos y técnicos",ND,ND,ND,ND
Colima,Índice,61 Servicios educativos,ND,ND,ND,ND
Colima,Índice,62 Servicios de salud y de asistencia social,ND,ND,ND,ND
Colima,Índice,"71 Servicios de esparcimiento culturales y deportivos, y otros servicios recreativos",ND,ND,ND,ND
Colima,Índice,72 Servicios de alojamiento temporal y de preparación de alimentos y bebidas,107.7,110.4,88.5,92.7
Colima,Variación anual del índice,51 Información en medios masivos,-6.1,47.6,28.3,-5.4
Colima,Variación anual del índice,53 Servicios inmobiliarios y de alquiler de bienes muebles e intangibles,ND,ND,ND,ND
Colima,Variación anual del índice,"54 Servicios profesionales, científicos y técnicos",ND,ND,ND,ND
Colima,Variación anual del índice,61 Servicios educativos,ND,ND,ND,ND
Colima,Variación anual del índice,62 Servicios de salud y de asistencia social,ND,ND,ND,ND
Colima,Variación anual del índice,"71 Servicios de esparcimiento culturales y deportivos, y otros servicios recreativos",ND,ND,ND,ND
Colima,Variación anual del índice,72 Servicios de alojamiento temporal y de preparación de alimentos y bebidas,27.2,10.3,-17.8,-16.1
Chiapas,Índice,51 Información en medios masivos,56.9,67.3,62.0,62.7
Chiapas,Índice,53 Servicios inmobiliarios y de alquiler de bienes muebles e intangibles,ND,ND,ND,ND
Chiapas,Índice,"54 Servicios profesionales, científicos y técnicos",ND,ND,ND,ND
Chiapas,Índice,61 Servicios educativos,ND,ND,ND,ND
Chiapas,Índice,62 Servicios de salud y de asistencia social,ND,ND,ND,ND
Chiapas,Índice,"71 Servicios de esparcimiento culturales y deportivos, y otros servicios recreativos",ND,ND,ND,ND
Chiapas,Índice,72 Servicios de alojamiento temporal y de preparación de alimentos y bebidas,63.9,65.3,69.2,83.1
Chiapas,Variación anual del índice,51 Información en medios masivos,19.3,84.0,9.0,-6.8
Chiapas,Variación anual del índice,53 Servicios inmobiliarios y de alquiler de bienes muebles e intangibles,ND,ND,ND,ND
Chiapas,Variación anual del índice,"54 Servicios profesionales, científicos y técnicos",ND,ND,ND,ND
Chiapas,Variación anual del índice,61 Servicios educativos,ND,ND,ND,ND
Chiapas,Variación anual del índice,62 Servicios de salud y de asistencia social,ND,ND,ND,ND
Chiapas,Variación anual del índice,"71 Servicios de esparcimiento culturales y deportivos, y otros servicios recreativos",ND,ND,ND,ND
Chiapas,Variación anual del índice,72 Servicios de alojamiento temporal y de preparación de alimentos y bebidas,-12.0,-37.1,8.4,27.2
Chihuahua,Índice,51 Información en medios masivos,129.6,129.3,143.1,146.7
Chihuahua,Índice,53 Servicios inmobiliarios y de alquiler de bienes muebles e intangibles,ND,ND,ND,ND
Chihuahua,Índice,"54 Servicios profesionales, científicos y técnicos",ND,ND,ND,ND
Chihuahua,Índice,61 Servicios educativos,ND,ND,ND,ND
Chihuahua,Índice,62 Servicios de salud y de asistencia social,108.5,118.3,112.5,102.5
Chihuahua,Índice,"71 Servicios de esparcimiento culturales y deportivos, y otros servicios recreativos",ND,ND,ND,ND
Chihuahua,Índice,72 Servicios de alojamiento temporal y de preparación de alimentos y bebidas,125.5,133.4,153.5,158.4
Chihuahua,Variación anual del índice,51 Información en medios masivos,36.8,76.6,10.4,13.4
Chihuahua,Variación anual del índice,53 Servicios inmobiliarios y de alquiler de bienes muebles e intangibles,ND,ND,ND,ND
Chihuahua,Variación anual del índice,"54 Servicios profesionales, científicos y técnicos",ND,ND,ND,ND
Chihuahua,Variación anual del índice,61 Servicios educativos,ND,ND,ND,ND
Chihuahua,Variación anual del índice,62 Servicios de salud y de asistencia social,-4.5,11.1,3.7,-13.4
Chihuahua,Variación anual del índice,"71 Servicios de esparcimiento culturales y deportivos, y otros servicios recreativos",ND,ND,ND,ND
Chihuahua,Variación anual del índice,72 Servicios de alojamiento temporal y de preparación de alimentos y bebidas,39.7,48.4,22.3,18.8
Ciudad de México,Índice,51 Información en medios masivos,141.1,143.2,142.5,144.7
Ciudad de México,Índice,53 Servicios inmobiliarios y de alquiler de bienes muebles e intangibles,121.1,121.0,126.2,131.5
Ciudad de México,Índice,"54 Servicios profesionales, científicos y técnicos",ND,ND,ND,ND
Ciudad de México,Índice,61 Servicios educativos,ND,ND,ND,ND
Ciudad de México,Índice,62 Servicios de salud y de asistencia social,104.9,111.9,111.0,115.8
Ciudad de México,Índice,"71 Servicios de esparcimiento culturales y deportivos, y otros servicios recreativos",119.8,113.7,137.0,136.0
Ciudad de México,Índice,72 Servicios de alojamiento temporal y de preparación de alimentos y bebidas,89.9,90.4,92.1,94.3
Ciudad de México,Variación anual del índice,51 Información en medios masivos,31.9,13.2,1.0,1.0
Ciudad de México,Variación anual del índice,53 Servicios inmobiliarios y de alquiler de bienes muebles e intangibles,8.8,57.9,4.3,8.6
Ciudad de México,Variación anual del índice,"54 Servicios profesionales, científicos y técnicos",ND,ND,ND,ND
Ciudad de México,Variación anual del índice,61 Servicios educativos,ND,ND,ND,ND
Ciudad de México,Variación anual del índice,62 Servicios de salud y de asistencia social,-4.8,7.1,5.7,3.6
Ciudad de México,Variación anual del índice,"71 Servicios de esparcimiento culturales y deportivos, y otros servicios recreativos",84.9,68.0,14.4,19.6
Ciudad de México,Variación anual del índice,72 Servicios de alojamiento temporal y de preparación de alimentos y bebidas,43.8,-15.3,2.5,4.3
Durango,Índice,51 Información en medios masivos,58.0,65.0,73.4,69.7
Durango,Índice,53 Servicios inmobiliarios y de alquiler de bienes muebles e intangibles,ND,ND,ND,ND
Durango,Índice,"54 Servicios profesionales, científicos y técnicos",ND,ND,ND,ND
Durango,Índice,61 Servicios educativos,ND,ND,ND,ND
Durango,Índice,62 Servicios de salud y de asistencia social,ND,ND,ND,ND
Durango,Índice,"71 Servicios de esparcimiento culturales y deportivos, y otros servicios recreativos",ND,ND,ND,ND
Durango,Índice,72 Servicios de alojamiento temporal y de preparación de alimentos y bebidas,66.9,64.5,43.0,42.2
Durango,Variación anual del índice,51 Información en medios masivos,4.1,18.9,26.6,7.2
Durango,Variación anual del índice,53 Servicios inmobiliarios y de alquiler de bienes muebles e intangibles,ND,ND,ND,ND
Durango,Variación anual del índice,"54 Servicios profesionales, científicos y técnicos",ND,ND,ND,ND
Durango,Variación anual del índice,61 Servicios educativos,ND,ND,ND,ND
Durango,Variación anual del índice,62 Servicios de salud y de asistencia social,ND,ND,ND,ND
Durango,Variación anual del índice,"71 Servicios de esparcimiento culturales y deportivos, y otros servicios recreativos",ND,ND,ND,ND
Durango,Variación anual del índice,72 Servicios de alojamiento temporal y de preparación de alimentos y bebidas,-22.7,235.9,-35.8,-34.6
Guanajuato,Índice,51 Información en medios masivos,38.0,59.2,45.8,56.7
Guanajuato,Índice,53 Servicios inmobiliarios y de alquiler de bienes muebles e intangibles,126.1,120.0,113.1,113.0
Guanajuato,Índice,"54 Servicios profesionales, científicos y técnicos",ND,ND,ND,ND
Guanajuato,Índice,61 Servicios educativos,ND,ND,ND,ND
Guanajuato,Índice,62 Servicios de salud y de asistencia social,ND,ND,ND,ND
Guanajuato,Índice,"71 Servicios de esparcimiento culturales y deportivos, y otros servicios recreativos",ND,ND,ND,ND
Guanajuato,Índice,72 Servicios de alojamiento temporal y de preparación de alimentos y bebidas,79.5,81.0,83.8,84.1
Guanajuato,Variación anual del índice,51 Información en medios masivos,-31.9,13.8,20.5,-4.2
Guanajuato,Variación anual del índice,53 Servicios inmobiliarios y de alquiler de bienes muebles e intangibles,-0.6,10.9,-10.3,-5.8
Guanajuato,Variación anual del índice,"54 Servicios profesionales, científicos y técnicos",ND,ND,ND,ND
Guanajuato,Variación anual del índice,61 Servicios educativos,ND,ND,ND,ND
Guanajuato,Variación anual del índice,62 Servicios de salud y de asistencia social,ND,ND,ND,ND
Guanajuato,Variación anual del índice,"71 Servicios de esparcimiento culturales y deportivos, y otros servicios recreativos",ND,ND,ND,ND
Guanajuato,Variación anual del índice,72 Servicios de alojamiento temporal y de preparación de alimentos y bebidas,3.2,-17.8,5.4,3.8
Guerrero,Índice,51 Información en medios masivos,36.4,46.0,48.6,19.2
Guerrero,Índice,53 Servicios inmobiliarios y de alquiler de bienes muebles e intangibles,115.7,108.2,115.3,18.0
Guerrero,Índice,"54 Servicios profesionales, científicos y técnicos",ND,ND,ND,ND
Guerrero,Índice,61 Servicios educativos,ND,ND,ND,ND
Guerrero,Índice,62 Servicios de salud y de asistencia social,ND,ND,ND,ND
Guerrero,Índice,"71 Servicios de esparcimiento culturales y deportivos, y otros servicios recreativos",ND,ND,ND,ND
Guerrero,Índice,72 Servicios de alojamiento temporal y de preparación de alimentos y bebidas,79.3,82.3,81.7,57.3
Guerrero,Variación anual del índice,51 Información en medios masivos,-8.1,50.3,33.6,-58.2
Guerrero,Variación anual del índice,53 Servicios inmobiliarios y de alquiler de bienes muebles e intangibles,-21.6,-23.7,-0.3,-83.4
Guerrero,Variación anual del índice,"54 Servicios profesionales, científicos y técnicos",ND,ND,ND,ND
Guerrero,Variación anual del índice,61 Servicios educativos,ND,ND,ND,ND
Guerrero,Variación anual del índice,62 Servicios de salud y de asistencia social,ND,ND,ND,ND
Guerrero,Variación anual del índice,"71 Servicios de esparcimiento culturales y deportivos, y otros servicios recreativos",ND,ND,ND,ND
Guerrero,Variación anual del índice,72 Servicios de alojamiento temporal y de preparación de alimentos y bebidas,-8.8,-12.0,3.0,-30.4
Hidalgo,Índice,51 Información en medios masivos,44.5,62.1,52.8,53.8
Hidalgo,Índice,53 Servicios inmobiliarios y de alquiler de bienes muebles e intangibles,ND,ND,ND,ND
Hidalgo,Índice,"54 Servicios profesionales, científicos y técnicos",ND,ND,ND,ND
Hidalgo,Índice,61 Servicios educativos,ND,ND,ND,ND
Hidalgo,Índice,62 Servicios de salud y de asistencia social,ND,ND,ND,ND
Hidalgo,Índice,"71 Servicios de esparcimiento culturales y deportivos, y otros servicios recreativos",51.4,49.5,58.1,58.9
Hidalgo,Índice,72 Servicios de alojamiento temporal y de preparación de alimentos y bebidas,69.2,64.7,79.9,73.7
Hidalgo,Variación anual del índice,51 Información en medios masivos,-11.9,20.1,18.8,-13.3
Hidalgo,Variación anual del índice,53 Servicios inmobiliarios y de alquiler de bienes muebles e intangibles,ND,ND,ND,ND
Hidalgo,Variación anual del índice,"54 Servicios profesionales, científicos y técnicos",ND,ND,ND,ND
Hidalgo,Variación anual del índice,61 Servicios educativos,ND,ND,ND,ND
Hidalgo,Variación anual del índice,62 Servicios de salud y de asistencia social,ND,ND,ND,ND
Hidalgo,Variación anual del índice,"71 Servicios de esparcimiento culturales y deportivos, y otros servicios recreativos",19.1,8.2,13.1,18.8
Hidalgo,Variación anual del índice,72 Servicios de alojamiento temporal y de preparación de alimentos y bebidas,-15.7,-34.4,15.4,14.0
Jalisco,Índice,51 Información en medios masivos,117.2,115.0,127.5,127.9
Jalisco,Índice,53 Servicios inmobiliarios y de alquiler de bienes muebles e intangibles,ND,ND,ND,ND
Jalisco,Índice,"54 Servicios profesionales, científicos y técnicos",ND,ND,ND,ND
Jalisco,Índice,61 Servicios educativos,ND,ND,ND,ND
Jalisco,Índice,62 Servicios de salud y de asistencia social,104.6,108.5,116.4,124.0
Jalisco,Índice,"71 Servicios de esparcimiento culturales y deportivos, y otros servicios recreativos",ND,ND,ND,ND
Jalisco,Índice,72 Servicios de alojamiento temporal y de preparación de alimentos y bebidas,88.2,93.0,54.1,58.6
Jalisco,Variación anual del índice,51 Información en medios masivos,11.9,9.0,8.8,11.2
Jalisco,Variación anual del índice,53 Servicios inmobiliarios y de alquiler de bienes muebles e intangibles,ND,ND,ND,ND
Jalisco,Variación anual del índice,"54 Servicios profesionales, científicos y técnicos",ND,ND,ND,ND
Jalisco,Variación anual del índice,61 Servicios educativos,ND,ND,ND,ND
Jalisco,Variación anual del índice,62 Servicios de salud y de asistencia social,-0.4,5.6,11.2,14.3
Jalisco,Variación anual del índice,"71 Servicios de esparcimiento culturales y deportivos, y otros servicios recreativos",ND,ND,ND,ND
Jalisco,Variación anual del índice,72 Servicios de alojamiento temporal y de preparación de alimentos y bebidas,6.2,51.0,-38.7,-37.0
México,Índice,51 Información en medios masivos,37.9,42.2,41.4,37.6
México,Índice,53 Servicios inmobiliarios y de alquiler de bienes muebles e intangibles,ND,ND,ND,ND
México,Índice,"54 Servicios profesionales, científicos y técnicos",115.5,111.7,117.1,120.5
México,Índice,61 Servicios educativos,90.6,87.9,95.3,91.3
México,Índice,62 Servicios de salud y de asistencia social,91.1,95.2,90.7,84.4
México,Índice,"71 Servicios de esparcimiento culturales y deportivos, y otros servicios recreativos",ND,ND,ND,ND
México,Índice,72 Servicios de alojamiento temporal y de preparación de alimentos y bebidas,98.5,104.0,121.5,124.5
México,Variación anual del índice,51 Información en medios masivos,-14.2,14.9,9.2,-10.8
México,Variación anual del índice,53 Servicios inmobiliarios y de alquiler de bienes muebles e intangibles,ND,ND,ND,ND
México,Variación anual del índice,"54 Servicios profesionales, científicos y técnicos",34.4,4.1,1.4,7.8
México,Variación anual del índice,61 Servicios educativos,13.3,13.8,5.2,3.9
México,Variación anual del índice,62 Servicios de salud y de asistencia social,10.9,8.8,-0.5,-11.4
México,Variación anual del índice,"71 Servicios de esparcimiento culturales y deportivos, y otros servicios recreativos",ND,ND,ND,ND
México,Variación anual del índice,72 Servicios de alojamiento temporal y de preparación de alimentos y bebidas,9.5,22.6,23.3,19.7
Michoacán de Ocampo,Índice,51 Información en medios masivos,54.1,60.8,65.5,61.1
Michoacán de Ocampo,Índice,53 Servicios inmobiliarios y de alquiler de bienes muebles e intangibles,ND,ND,ND,ND
Michoacán de Ocampo,Índice,"54 Servicios profesionales, científicos y técnicos",ND,ND,ND,ND
Michoacán de Ocampo,Índice,61 Servicios educativos,ND,ND,ND,ND
Michoacán de Ocampo,Índice,62 Servicios de salud y de asistencia social,103.8,99.2,107.5,103.9
Michoacán de Ocampo,Índice,"71 Servicios de esparcimiento culturales y deportivos, y otros servicios recreativos",ND,ND,ND,ND
Michoacán de Ocampo,Índice,72 Servicios de alojamiento temporal y de preparación de alimentos y bebidas,86.9,104.0,106.1,113.6
Michoacán de Ocampo,Variación anual del índice,51 Información en medios masivos,-11.1,30.2,21.2,0.6
Michoacán de Ocampo,Variación anual del índice,53 Servicios inmobiliarios y de alquiler de bienes muebles e intangibles,ND,ND,ND,ND
Michoacán de Ocampo,Variación anual del índice,"54 Servicios profesionales, científicos y técnicos",ND,ND,ND,ND
Michoacán de Ocampo,Variación anual del índice,61 Servicios educativos,ND,ND,ND,ND
Michoacán de Ocampo,Variación anual del índice,62 Servicios de salud y de asistencia social,7.7,-7.7,3.6,4.7
Michoacán de Ocampo,Variación anual del índice,"71 Servicios de esparcimiento culturales y deportivos, y otros servicios recreativos",ND,ND,ND,ND
Michoacán de Ocampo,Variación anual del índice,72 Servicios de alojamiento temporal y de preparación de alimentos y bebidas,16.0,18.9,22.1,9.2
Morelos,Índice,51 Información en medios masivos,49.9,71.8,64.9,65.3
Morelos,Índice,53 Servicios inmobiliarios y de alquiler de bienes muebles e intangibles,ND,ND,ND,ND
Morelos,Índice,"54 Servicios profesionales, científicos y técnicos",ND,ND,ND,ND
Morelos,Índice,61 Servicios educativos,95.8,88.6,80.5,76.2
Morelos,Índice,62 Servicios de salud y de asistencia social,ND,ND,ND,ND
Morelos,Índice,"71 Servicios de esparcimiento culturales y deportivos, y otros servicios recreativos",ND,ND,ND,ND
Morelos,Índice,72 Servicios de alojamiento temporal y de preparación de alimentos y bebidas,52.0,59.3,64.1,72.7
Morelos,Variación anual del índice,51 Información en medios masivos,9.2,63.8,30.0,-9.0
Morelos,Variación anual del índice,53 Servicios inmobiliarios y de alquiler de bienes muebles e intangibles,ND,ND,ND,ND
Morelos,Variación anual del índice,"54 Servicios profesionales, científicos y técnicos",ND,ND,ND,ND
Morelos,Variación anual del índice,61 Servicios educativos,19.0,16.2,-15.9,-14.0
Morelos,Variación anual del índice,62 Servicios de salud y de asistencia social,ND,ND,ND,ND
Morelos,Variación anual del índice,"71 Servicios de esparcimiento culturales y deportivos, y otros servicios recreativos",ND,ND,ND,ND
Morelos,Variación anual del índice,72 Servicios de alojamiento temporal y de preparación de alimentos y bebidas,-38.6,-23.4,23.2,22.6
Nayarit,Índice,51 Información en medios masivos,47.4,55.3,63.0,58.2
Nayarit,Índice,53 Servicios inmobiliarios y de alquiler de bienes muebles e intangibles,ND,ND,ND,ND
Nayarit,Índice,"54 Servicios profesionales, científicos y técnicos",ND,ND,ND,ND
Nayarit,Índice,61 Servicios educativos,ND,ND,ND,ND
Nayarit,Índice,62 Servicios de salud y de asistencia social,ND,ND,ND,ND
Nayarit,Índice,"71 Servicios de esparcimiento culturales y deportivos, y otros servicios recreativos",ND,ND,ND,ND
Nayarit,Índice,72 Servicios de alojamiento temporal y de preparación de alimentos y bebidas,101.9,126.5,100.5,115.6
Nayarit,Variación anual del índice,51 Información en medios masivos,16.3,52.2,33.1,5.2
Nayarit,Variación anual del índice,53 Servicios inmobiliarios y de alquiler de bienes muebles e intangibles,ND,ND,ND,ND
Nayarit,Variación anual del índice,"54 Servicios profesionales, científicos y técnicos",ND,ND,ND,ND
Nayarit,Variación anual del índice,61 Servicios educativos,ND,ND,ND,ND
Nayarit,Variación anual del índice,62 Servicios de salud y de asistencia social,ND,ND,ND,ND
Nayarit,Variación anual del índice,"71 Servicios de esparcimiento culturales y deportivos, y otros servicios recreativos",ND,ND,ND,ND
Nayarit,Variación anual del índice,72 Servicios de alojamiento temporal y de preparación de alimentos y bebidas,24.2,-0.5,-1.3,-8.7
Nuevo León,Índice,51 Información en medios masivos,72.6,70.9,77.1,76.6
Nuevo León,Índice,53 Servicios inmobiliarios y de alquiler de bienes muebles e intangibles,153.3,162.1,118.2,107.6
Nuevo León,Índice,"54 Servicios profesionales, científicos y técnicos",154.8,166.0,149.4,146.0
Nuevo León,Índice,61 Servicios educativos,ND,ND,ND,ND
Nuevo León,Índice,62 Servicios de salud y de asistencia social,ND,ND,ND,ND
Nuevo León,Índice,"71 Servicios de esparcimiento culturales y deportivos, y otros servicios recreativos",91.3,79.6,101.2,98.7
Nuevo León,Índice,72 Servicios de alojamiento temporal y de preparación de alimentos y bebidas,77.1,82.1,57.8,60.5
Nuevo León,Variación anual del índice,51 Información en medios masivos,-0.3,-4.1,6.2,8.0
Nuevo León,Variación anual del índice,53 Servicios inmobiliarios y de alquiler de bienes muebles e intangibles,39.8,51.8,-22.9,-33.6
Nuevo León,Variación anual del índice,"54 Servicios profesionales, científicos y técnicos",77.3,84.4,-3.5,-12.0
Nuevo León,Variación anual del índice,61 Servicios educativos,ND,ND,ND,ND
Nuevo León,Variación anual del índice,62 Servicios de salud y de asistencia social,ND,ND,ND,ND
Nuevo León,Variación anual del índice,"71 Servicios de esparcimiento culturales y deportivos, y otros servicios recreativos",-9.8,-2.6,10.8,23.9
Nuevo León,Variación anual del índice,72 Servicios de alojamiento temporal y de preparación de alimentos y bebidas,14.4,75.1,-25.1,-26.3
Oaxaca,Índice,51 Información en medios masivos,82.4,84.5,73.8,66.6
Oaxaca,Índice,53 Servicios inmobiliarios y de alquiler de bienes muebles e intangibles,ND,ND,ND,ND
Oaxaca,Índice,"54 Servicios profesionales, científicos y técnicos",ND,ND,ND,ND
Oaxaca,Índice,61 Servicios educativos,ND,ND,ND,ND
Oaxaca,Índice,62 Servicios de salud y de asistencia social,ND,ND,ND,ND
Oaxaca,Índice,"71 Servicios de esparcimiento culturales y deportivos, y otros servicios recreativos",ND,ND,ND,ND
Oaxaca,Índice,72 Servicios de alojamiento temporal y de preparación de alimentos y bebidas,132.9,123.5,137.0,141.6
Oaxaca,Variación anual del índice,51 Información en medios masivos,33.0,29.7,-10.4,-21.1
Oaxaca,Variación anual del índice,53 Servicios inmobiliarios y de alquiler de bienes muebles e intangibles,ND,ND,ND,ND
Oaxaca,Variación anual del índice,"54 Servicios profesionales, científicos y técnicos",ND,ND,ND,ND
Oaxaca,Variación anual del índice,61 Servicios educativos,ND,ND,ND,ND
Oaxaca,Variación anual del índice,62 Servicios de salud y de asistencia social,ND,ND,ND,ND
Oaxaca,Variación anual del índice,"71 Servicios de esparcimiento culturales y deportivos, y otros servicios recreativos",ND,ND,ND,ND
Oaxaca,Variación anual del índice,72 Servicios de alojamiento temporal y de preparación de alimentos y bebidas,67.1,12.9,3.1,14.7
Puebla,Índice,51 Información en medios masivos,58.9,87.4,72.0,67.4
Puebla,Índice,53 Servicios inmobiliarios y de alquiler de bienes muebles e intangibles,ND,ND,ND,ND
Puebla,Índice,"54 Servicios profesionales, científicos y técnicos",ND,ND,ND,ND
Puebla,Índice,61 Servicios educativos,97.0,96.2,92.4,88.0
Puebla,Índice,62 Servicios de salud y de asistencia social,87.2,83.2,84.8,84.0
Puebla,Índice,"71 Servicios de esparcimiento culturales y deportivos, y otros servicios recreativos",ND,ND,ND,ND
Puebla,Índice,72 Servicios de alojamiento temporal y de preparación de alimentos y bebidas,98.4,100.6,122.5,127.7
Puebla,Variación anual del índice,51 Información en medios masivos,25.8,120.3,22.2,-22.8
Puebla,Variación anual del índice,53 Servicios inmobiliarios y de alquiler de bienes muebles e intangibles,ND,ND,ND,ND
Puebla,Variación anual del índice,"54 Servicios profesionales, científicos y técnicos",ND,ND,ND,ND
Puebla,Variación anual del índice,61 Servicios educativos,35.5,5.7,-4.7,-8.5
Puebla,Variación anual del índice,62 Servicios de salud y de asistencia social,0.3,-2.1,-2.7,1.0
Puebla,Variación anual del índice,"71 Servicios de esparcimiento culturales y deportivos, y otros servicios recreativos",ND,ND,ND,ND
Puebla,Variación anual del índice,72 Servicios de alojamiento temporal y de preparación de alimentos y bebidas,22.8,-25.6,24.5,27.0
Querétaro,Índice,51 Información en medios masivos,87.0,91.0,114.6,100.3
Querétaro,Índice,53 Servicios inmobiliarios y de alquiler de bienes muebles e intangibles,ND,ND,ND,ND
Querétaro,Índice,"54 Servicios profesionales, científicos y técnicos",ND,ND,ND,ND
Querétaro,Índice,61 Servicios educativos,ND,ND,ND,ND
Querétaro,Índice,62 Servicios de salud y de asistencia social,ND,ND,ND,ND
Querétaro,Índice,"71 Servicios de esparcimiento culturales y deportivos, y otros servicios recreativos",ND,ND,ND,ND
Querétaro,Índice,72 Servicios de alojamiento temporal y de preparación de alimentos y bebidas,111.8,100.3,90.7,100.9
Querétaro,Variación anual del índice,51 Información en medios masivos,10.5,79.3,31.7,10.2
Querétaro,Variación anual del índice,53 Servicios inmobiliarios y de alquiler de bienes muebles e intangibles,ND,ND,ND,ND
Querétaro,Variación anual del índice,"54 Servicios profesionales, científicos y técnicos",ND,ND,ND,ND
Querétaro,Variación anual del índice,61 Servicios educativos,ND,ND,ND,ND
Querétaro,Variación anual del índice,62 Servicios de salud y de asistencia social,ND,ND,ND,ND
Querétaro,Variación anual del índice,"71 Servicios de esparcimiento culturales y deportivos, y otros servicios recreativos",ND,ND,ND,ND
Querétaro,Variación anual del índice,72 Servicios de alojamiento temporal y de preparación de alimentos y bebidas,35.9,32.1,-18.9,0.6
Quintana Roo,Índice,51 Información en medios masivos,62.0,74.0,55.0,51.6
Quintana Roo,Índice,53 Servicios inmobiliarios y de alquiler de bienes muebles e intangibles,ND,ND,ND,ND
Quintana Roo,Índice,"54 Servicios profesionales, científicos y técnicos",ND,ND,ND,ND
Quintana Roo,Índice,61 Servicios educativos,ND,ND,ND,ND
Quintana Roo,Índice,62 Servicios de salud y de asistencia social,ND,ND,ND,ND
Quintana Roo,Índice,"71 Servicios de esparcimiento culturales y deportivos, y otros servicios recreativos",118.1,118.3,87.5,88.8
Quintana Roo,Índice,72 Servicios de alojamiento temporal y de preparación de alimentos y bebidas,80.0,88.0,59.2,65.7
Quintana Roo,Variación anual del índice,51 Información en medios masivos,20.9,68.1,-11.2,-30.4
Quintana Roo,Variación anual del índice,53 Servicios inmobiliarios y de alquiler de bienes muebles e intangibles,ND,ND,ND,ND
Quintana Roo,Variación anual del índice,"54 Servicios profesionales, científicos y técnicos",ND,ND,ND,ND
Quintana Roo,Variación anual del índice,61 Servicios educativos,ND,ND,ND,ND
Quintana Roo,Variación anual del índice,62 Servicios de salud y de asistencia social,ND,ND,ND,ND
Quintana Roo,Variación anual del índice,"71 Servicios de esparcimiento culturales y deportivos, y otros servicios recreativos",27.1,26.1,-25.9,-24.9
Quintana Roo,Variación anual del índice,72 Servicios de alojamiento temporal y de preparación de alimentos y bebidas,2.4,-5.9,-26.0,-25.3
San Luis Potosí,Índice,51 Información en medios masivos,69.5,69.6,88.8,87.7
San Luis Potosí,Índice,53 Servicios inmobiliarios y de alquiler de bienes muebles e intangibles,ND,ND,ND,ND
San Luis Potosí,Índice,"54 Servicios profesionales, científicos y técnicos",ND,ND,ND,ND
San Luis Potosí,Índice,61 Servicios educativos,ND,ND,ND,ND
San Luis Potosí,Índice,62 Servicios de salud y de asistencia social,ND,ND,ND,ND
San Luis Potosí,Índice,"71 Servicios de esparcimiento culturales y deportivos, y otros servicios recreativos",ND,ND,ND,ND
San Luis Potosí,Índice,72 Servicios de alojamiento temporal y de preparación de alimentos y bebidas,102.9,102.8,90.7,98.9
San Luis Potosí,Variación anual del índice,51 Información en medios masivos,2.6,17.4,27.7,26.1
San Luis Potosí,Variación anual del índice,53 Servicios inmobiliarios y de alquiler de bienes muebles e intangibles,ND,ND,ND,ND
San Luis Potosí,Variación anual del índice,"54 Servicios profesionales, científicos y técnicos",ND,ND,ND,ND
San Luis Potosí,Variación anual del índice,61 Servicios educativos,ND,ND,ND,ND
San Luis Potosí,Variación anual del índice,62 Servicios de salud y de asistencia social,ND,ND,ND,ND
San Luis Potosí,Variación anual del índice,"71 Servicios de esparcimiento culturales y deportivos, y otros servicios recreativos",ND,ND,ND,ND
San Luis Potosí,Variación anual del índice,72 Servicios de alojamiento temporal y de preparación de alimentos y bebidas,24.8,37.9,-11.9,-3.8
Sinaloa,Índice,51 Información en medios masivos,87.7,110.2,105.3,115.4
Sinaloa,Índice,53 Servicios inmobiliarios y de alquiler de bienes muebles e intangibles,ND,ND,ND,ND
Sinaloa,Índice,"54 Servicios profesionales, científicos y técnicos",ND,ND,ND,ND
Sinaloa,Índice,61 Servicios educativos,ND,ND,ND,ND
Sinaloa,Índice,62 Servicios de salud y de asistencia social,ND,ND,ND,ND
Sinaloa,Índice,"71 Servicios de esparcimiento culturales y deportivos, y otros servicios recreativos",ND,ND,ND,ND
Sinaloa,Índice,72 Servicios de alojamiento temporal y de preparación de alimentos y bebidas,95.9,96.7,88.9,91.1
Sinaloa,Variación anual del índice,51 Información en medios masivos,-9.0,27.7,20.1,4.7
Sinaloa,Variación anual del índice,53 Servicios inmobiliarios y de alquiler de bienes muebles e intangibles,ND,ND,ND,ND
Sinaloa,Variación anual del índice,"54 Servicios profesionales, científicos y técnicos",ND,ND,ND,ND
Sinaloa,Variación anual del índice,61 Servicios educativos,ND,ND,ND,ND
Sinaloa,Variación anual del índice,62 Servicios de salud y de asistencia social,ND,ND,ND,ND
Sinaloa,Variación anual del índice,"71 Servicios de esparcimiento culturales y deportivos, y otros servicios recreativos",ND,ND,ND,ND
Sinaloa,Variación anual del índice,72 Servicios de alojamiento temporal y de preparación de alimentos y bebidas,-5.0,3.2,-7.3,-5.8
Sonora,Índice,51 Información en medios masivos,62.9,65.3,63.2,68.6
Sonora,Índice,53 Servicios inmobiliarios y de alquiler de bienes muebles e intangibles,ND,ND,ND,ND
Sonora,Índice,"54 Servicios profesionales, científicos y técnicos",ND,ND,ND,ND
Sonora,Índice,61 Servicios educativos,ND,ND,ND,ND
Sonora,Índice,62 Servicios de salud y de asistencia social,ND,ND,ND,ND
Sonora,Índice,"71 Servicios de esparcimiento culturales y deportivos, y otros servicios recreativos",ND,ND,ND,ND
Sonora,Índice,72 Servicios de alojamiento temporal y de preparación de alimentos y bebidas,124.5,122.8,142.2,150.5
Sonora,Variación anual del índice,51 Información en medios masivos,-1.4,8.2,0.5,5.1
Sonora,Variación anual del índice,53 Servicios inmobiliarios y de alquiler de bienes muebles e intangibles,ND,ND,ND,ND
Sonora,Variación anual del índice,"54 Servicios profesionales, científicos y técnicos",ND,ND,ND,ND
Sonora,Variación anual del índice,61 Servicios educativos,ND,ND,ND,ND
Sonora,Variación anual del índice,62 Servicios de salud y de asistencia social,ND,ND,ND,ND
Sonora,Variación anual del índice,"71 Servicios de esparcimiento culturales y deportivos, y otros servicios recreativos",ND,ND,ND,ND
Sonora,Variación anual del índice,72 Servicios de alojamiento temporal y de preparación de alimentos y bebidas,61.7,29.3,14.2,22.6
Tabasco,Índice,51 Información en medios masivos,71.1,77.6,80.9,78.8
Tabasco,Índice,53 Servicios inmobiliarios y de alquiler de bienes muebles e intangibles,87.7,91.4,77.5,74.1
Tabasco,Índice,"54 Servicios profesionales, científicos y técnicos",ND,ND,ND,ND
Tabasco,Índice,61 Servicios educativos,ND,ND,ND,ND
Tabasco,Índice,62 Servicios de salud y de asistencia social,ND,ND,ND,ND
Tabasco,Índice,"71 Servicios de esparcimiento culturales y deportivos, y otros servicios recreativos",ND,ND,ND,ND
Tabasco,Índice,72 Servicios de alojamiento temporal y de preparación de alimentos y bebidas,87.9,89.6,65.8,64.7
Tabasco,Variación anual del índice,51 Información en medios masivos,-0.3,21.9,13.8,1.6
Tabasco,Variación anual del índice,53 Servicios inmobiliarios y de alquiler de bienes muebles e intangibles,-13.2,-1.9,-11.7,-18.9
Tabasco,Variación anual del índice,"54 Servicios profesionales, científicos y técnicos",ND,ND,ND,ND
Tabasco,Variación anual del índice,61 Servicios educativos,ND,ND,ND,ND
Tabasco,Variación anual del índice,62 Servicios de salud y de asistencia social,ND,ND,ND,ND
Tabasco,Variación anual del índice,"71 Servicios de esparcimiento culturales y deportivos, y otros servicios recreativos",ND,ND,ND,ND
Tabasco,Variación anual del índice,72 Servicios de alojamiento temporal y de preparación de alimentos y bebidas,1.3,20.0,-25.1,-27.8
Tamaulipas,Índice,51 Información en medios masivos,128.1,128.3,126.9,131.7
Tamaulipas,Índice,53 Servicios inmobiliarios y de alquiler de bienes muebles e intangibles,ND,ND,ND,ND
Tamaulipas,Índice,"54 Servicios profesionales, científicos y técnicos",ND,ND,ND,ND
Tamaulipas,Índice,61 Servicios educativos,ND,ND,ND,ND
Tamaulipas,Índice,62 Servicios de salud y de asistencia social,ND,ND,ND,ND
Tamaulipas,Índice,"71 Servicios de esparcimiento culturales y deportivos, y otros servicios recreativos",ND,ND,ND,ND
Tamaulipas,Índice,72 Servicios de alojamiento temporal y de preparación de alimentos y bebidas,80.8,88.2,102.3,108.5
Tamaulipas,Variación anual del índice,51 Información en medios masivos,8.8,4.1,-1.0,2.6
Tamaulipas,Variación anual del índice,53 Servicios inmobiliarios y de alquiler de bienes muebles e intangibles,ND,ND,ND,ND
Tamaulipas,Variación anual del índice,"54 Servicios profesionales, científicos y técnicos",ND,ND,ND,ND
Tamaulipas,Variación anual del índice,61 Servicios educativos,ND,ND,ND,ND
Tamaulipas,Variación anual del índice,62 Servicios de salud y de asistencia social,ND,ND,ND,ND
Tamaulipas,Variación anual del índice,"71 Servicios de esparcimiento culturales y deportivos, y otros servicios recreativos",ND,ND,ND,ND
Tamaulipas,Variación anual del índice,72 Servicios de alojamiento temporal y de preparación de alimentos y bebidas,-7.7,39.5,26.7,23.0
Tlaxcala,Índice,51 Información en medios masivos,63.1,79.9,75.2,76.5
Tlaxcala,Índice,53 Servicios inmobiliarios y de alquiler de bienes muebles e intangibles,ND,ND,ND,ND
Tlaxcala,Índice,"54 Servicios profesionales, científicos y técnicos",ND,ND,ND,ND
Tlaxcala,Índice,61 Servicios educativos,ND,ND,ND,ND
Tlaxcala,Índice,62 Servicios de salud y de asistencia social,ND,ND,ND,ND
Tlaxcala,Índice,"71 Servicios de esparcimiento culturales y deportivos, y otros servicios recreativos",ND,ND,ND,ND
Tlaxcala,Índice,72 Servicios de alojamiento temporal y de preparación de alimentos y bebidas,76.2,73.8,61.1,78.9
Tlaxcala,Variación anual del índice,51 Información en medios masivos,10.0,72.2,19.0,-4.2
Tlaxcala,Variación anual del índice,53 Servicios inmobiliarios y de alquiler de bienes muebles e intangibles,ND,ND,ND,ND
Tlaxcala,Variación anual del índice,"54 Servicios profesionales, científicos y técnicos",ND,ND,ND,ND
Tlaxcala,Variación anual del índice,61 Servicios educativos,ND,ND,ND,ND
Tlaxcala,Variación anual del índice,62 Servicios de salud y de asistencia social,ND,ND,ND,ND
Tlaxcala,Variación anual del índice,"71 Servicios de esparcimiento culturales y deportivos, y otros servicios recreativos",ND,ND,ND,ND
Tlaxcala,Variación anual del índice,72 Servicios de alojamiento temporal y de preparación de alimentos y bebidas,-8.6,-4.4,-19.8,6.9
Veracruz de Ignacio de la Llave,Índice,51 Información en medios masivos,54.5,58.8,60.5,61.1
Veracruz de Ignacio de la Llave,Índice,53 Servicios inmobiliarios y de alquiler de bienes muebles e intangibles,ND,ND,ND,ND
Veracruz de Ignacio de la Llave,Índice,"54 Servicios profesionales, científicos y técnicos",ND,ND,ND,ND
Veracruz de Ignacio de la Llave,Índice,61 Servicios educativos,70.1,70.0,76.7,86.2
Veracruz de Ignacio de la Llave,Índice,62 Servicios de salud y de asistencia social,ND,ND,ND,ND
Veracruz de Ignacio de la Llave,Índice,"71 Servicios de esparcimiento culturales y deportivos, y otros servicios recreativos",ND,ND,ND,ND
Veracruz de Ignacio de la Llave,Índice,72 Servicios de alojamiento temporal y de preparación de alimentos y bebidas,104.2,96.0,99.4,82.9
Veracruz de Ignacio de la Llave,Variación anual del índice,51 Información en medios masivos,6.3,91.2,11.1,4.0
Veracruz de Ignacio de la Llave,Variación anual del índice,53 Servicios inmobiliarios y de alquiler de bienes muebles e intangibles,ND,ND,ND,ND
Veracruz de Ignacio de la Llave,Variación anual del índice,"54 Servicios profesionales, científicos y técnicos",ND,ND,ND,ND
Veracruz de Ignacio de la Llave,Variación anual del índice,61 Servicios educativos,31.4,7.8,9.4,23.1
Veracruz de Ignacio de la Llave,Variación anual del índice,62 Servicios de salud y de asistencia social,ND,ND,ND,ND
Veracruz de Ignacio de la Llave,Variación anual del índice,"71 Servicios de esparcimiento culturales y deportivos, y otros servicios recreativos",ND,ND,ND,ND
Veracruz de Ignacio de la Llave,Variación anual del índice,72 Servicios de alojamiento temporal y de preparación de alimentos y bebidas,42.8,-3.6,-4.6,-13.7
Yucatán,Índice,51 Información en medios masivos,60.7,69.4,73.5,66.0
Yucatán,Índice,53 Servicios inmobiliarios y de alquiler de bienes muebles e intangibles,75.0,75.8,80.2,78.9
Yucatán,Índice,"54 Servicios profesionales, científicos y técnicos",ND,ND,ND,ND
Yucatán,Índice,61 Servicios educativos,ND,ND,ND,ND
Yucatán,Índice,62 Servicios de salud y de asistencia social,ND,ND,ND,ND
Yucatán,Índice,"71 Servicios de esparcimiento culturales y deportivos, y otros servicios recreativos",ND,ND,ND,ND
Yucatán,Índice,72 Servicios de alojamiento temporal y de preparación de alimentos y bebidas,158.1,166.1,164.3,170.5
Yucatán,Variación anual del índice,51 Información en medios masivos,-1.1,20.7,21.2,-5.0
Yucatán,Variación anual del índice,53 Servicios inmobiliarios y de alquiler de bienes muebles e intangibles,-26.8,12.7,6.9,4.1
Yucatán,Variación anual del índice,"54 Servicios profesionales, científicos y técnicos",ND,ND,ND,ND
Yucatán,Variación anual del índice,61 Servicios educativos,ND,ND,ND,ND
Yucatán,Variación anual del índice,62 Servicios de salud y de asistencia social,ND,ND,ND,ND
Yucatán,Variación anual del índice,"71 Servicios de esparcimiento culturales y deportivos, y otros servicios recreativos",ND,ND,ND,ND
Yucatán,Variación anual del índice,72 Servicios de alojamiento temporal y de preparación de alimentos y bebidas,69.7,66.7,4.0,2.6
Zacatecas,Índice,51 Información en medios masivos,103.3,116.9,105.4,137.9
Zacatecas,Índice,53 Servicios inmobiliarios y de alquiler de bienes muebles e intangibles,ND,ND,ND,ND
Zacatecas,Índice,"54 Servicios profesionales, científicos y técnicos",ND,ND,ND,ND
Zacatecas,Índice,61 Servicios educativos,ND,ND,ND,ND
Zacatecas,Índice,62 Servicios de salud y de asistencia social,ND,ND,ND,ND
Zacatecas,Índice,"71 Servicios de esparcimiento culturales y deportivos, y otros servicios recreativos",ND,ND,ND,ND
Zacatecas,Índice,72 Servicios de alojamiento temporal y de preparación de alimentos y bebidas,68.2,69.6,46.6,48.9
Zacatecas,Variación anual del índice,51 Información en medios masivos,15.4,29.3,2.1,17.9
Zacatecas,Variación anual del índice,53 Servicios inmobiliarios y de alquiler de bienes muebles e intangibles,ND,ND,ND,ND
Zacatecas,Variación anual del índice,"54 Servicios profesionales, científicos y técnicos",ND,ND,ND,ND
Zacatecas,Variación anual del índice,61 Servicios educativos,ND,ND,ND,ND
Zacatecas,Variación anual del índice,62 Servicios de salud y de asistencia social,ND,ND,ND,ND
Zacatecas,Variación anual del índice,"71 Servicios de esparcimiento culturales y deportivos, y otros servicios recreativos",ND,ND,ND,ND
Zacatecas,Variación anual del índice,72 Servicios de alojamiento temporal y de preparación de alimentos y bebidas,-25.8,-21.2,-31.7,-29.7
